{"stat.killEntity.Bat":2,"stat.useItem.44":80,"stat.useItem.45":9,"stat.walkOneCm":98002,"stat.killEntity.EntityHorse":6,"stat.useItem.159":85,"achievement.openInventory":22,"stat.mobKills":18,"stat.flyOneCm":435462,"stat.useItem.102":1,"stat.drop":2,"stat.jump":273,"stat.playOneMinute":50343,"stat.climbOneCm":16,"stat.useItem.1":15,"stat.killEntity.Sheep":6,"stat.useItem.3":12,"stat.damageDealt":20,"stat.killEntity.Cow":4,"stat.useItem.18":8,"achievement.exploreAllBiomes":{"value":0,"progress":["Plains"]}}