{"stat.useItem.351":9,"stat.useItem.65":4,"stat.useItem.67":5,"stat.useItem.355":14,"stat.useItem.77":31,"stat.swimOneCm":63045,"stat.jump":1292,"stat.climbOneCm":1451,"stat.fallOneCm":269,"stat.useItem.70":1,"achievement.exploreAllBiomes":{"value":0,"progress":["Plains"]},"stat.useItem.44":42,"stat.damageTaken":1500,"stat.useItem.47":5,"stat.useItem.53":3,"stat.useItem.54":3,"stat.flyOneCm":1434800,"stat.useItem.102":1,"stat.useItem.101":82,"stat.useItem.107":2,"stat.damageDealt":1165,"stat.useItem.58":1,"stat.useItem.20":5,"stat.useItem.155":708,"stat.useItem.276":2,"stat.walkOneCm":499025,"stat.useItem.156":224,"stat.useItem.160":53,"stat.useItem.321":1,"stat.useItem.323":2,"stat.useItem.35":49,"stat.useItem.171":9,"stat.useItem.89":4,"stat.useItem.134":34,"stat.useItem.85":80,"achievement.openInventory":427,"stat.killEntity.Spider":1,"stat.mobKills":10,"stat.useItem.98":195,"stat.useItem.143":2,"stat.deaths":5,"stat.drop":13,"stat.useItem.145":2,"stat.useItem.96":35,"stat.useItem.389":30,"stat.playOneMinute":270558,"stat.useItem.1":149,"stat.useItem.4":172,"stat.useItem.5":94,"stat.useItem.3":456,"stat.useItem.17":561,"stat.useItem.18":260,"stat.diveOneCm":203673,"stat.useItem.271":12}