{"stats":{"minecraft:picked_up":{"minecraft:iron_door":2,"minecraft:painting":1,"minecraft:redstone":1},"minecraft:custom":{"minecraft:time_since_rest":72793,"minecraft:open_chest":6,"minecraft:crouch_one_cm":5146,"minecraft:play_one_minute":72793,"minecraft:sprint_one_cm":39921,"minecraft:walk_one_cm":227397,"minecraft:sneak_time":4454,"minecraft:jump":309,"minecraft:leave_game":14,"minecraft:time_since_death":72793,"minecraft:climb_one_cm":203,"minecraft:fall_one_cm":838,"minecraft:fly_one_cm":666926},"minecraft:used":{"minecraft:stone_bricks":11,"minecraft:oak_log":5,"minecraft:cracked_stone_bricks":6,"minecraft:mossy_stone_bricks":7,"minecraft:repeater":139,"minecraft:black_concrete":38,"minecraft:iron_bars":8,"minecraft:dirt":2,"minecraft:bricks":4,"minecraft:lime_carpet":2,"minecraft:gray_carpet":18,"minecraft:command_block":42,"minecraft:iron_block":85,"minecraft:barrier":17,"minecraft:oak_stairs":2,"minecraft:grass_block":1,"minecraft:polished_andesite":2,"minecraft:redstone":13,"minecraft:oak_button":3,"minecraft:oak_planks":9,"minecraft:stone_button":1,"minecraft:oak_sign":7,"minecraft:skeleton_skull":3,"minecraft:spruce_fence":10,"minecraft:painting":9,"minecraft:stripped_oak_log":226,"minecraft:stone":3,"minecraft:oak_pressure_plate":4,"minecraft:redstone_block":4,"minecraft:iron_door":14}},"DataVersion":2586}