{"stats":{"minecraft:killed":{"minecraft:bat":3},"minecraft:dropped":{"minecraft:cobblestone":9,"minecraft:command_block":1,"minecraft:redstone_lamp":1,"minecraft:wooden_axe":1,"minecraft:black_concrete":1},"minecraft:custom":{"minecraft:interact_with_furnace":1,"minecraft:inspect_dropper":8,"minecraft:mob_kills":3,"minecraft:interact_with_anvil":8,"minecraft:inspect_hopper":1,"minecraft:play_one_minute":846724,"minecraft:leave_game":20,"minecraft:time_since_death":172363,"minecraft:climb_one_cm":1607,"minecraft:time_since_rest":172383,"minecraft:sprint_one_cm":722297,"minecraft:walk_one_cm":1100512,"minecraft:trigger_trapped_chest":9,"minecraft:drop":13,"minecraft:damage_dealt":190,"minecraft:fly_one_cm":10396399,"minecraft:open_chest":1,"minecraft:crouch_one_cm":61176,"minecraft:sneak_time":53111,"minecraft:deaths":4,"minecraft:jump":5121,"minecraft:inspect_dispenser":10},"minecraft:picked_up":{"minecraft:azure_bluet":1,"minecraft:repeater":1,"minecraft:redstone_lamp":1,"minecraft:bedrock":4,"minecraft:smooth_stone_slab":9,"minecraft:item_frame":1,"minecraft:red_carpet":4,"minecraft:wheat_seeds":30,"minecraft:written_book":3,"minecraft:poppy":12,"minecraft:dark_oak_sapling":84,"minecraft:stick":14,"minecraft:dandelion":23,"minecraft:stone_button":1,"minecraft:polished_andesite":4,"minecraft:command_block":1,"minecraft:black_concrete":37,"minecraft:writable_book":4,"minecraft:cobblestone":10},"minecraft:used":{"minecraft:oak_trapdoor":2,"minecraft:mossy_stone_bricks":151,"minecraft:writable_book":5,"minecraft:iron_bars":91,"minecraft:acacia_log":68,"minecraft:dropper":12,"minecraft:birch_planks":2,"minecraft:red_concrete":20,"minecraft:polished_andesite":553,"minecraft:dispenser":11,"minecraft:redstone":23,"minecraft:oak_sign":5,"minecraft:chest":4,"minecraft:spruce_planks":536,"minecraft:stone":51,"minecraft:redstone_block":23,"minecraft:grass":1,"minecraft:debug_stick":93,"minecraft:dirt":87,"minecraft:anvil":83,"minecraft:vine":44,"minecraft:oak_slab":8,"minecraft:white_bed":1,"minecraft:nether_brick_slab":49,"minecraft:warped_door":1,"minecraft:acacia_button":6,"minecraft:stone_brick_wall":77,"minecraft:spruce_fence":15,"minecraft:nether_brick_stairs":43,"minecraft:dark_oak_door":9,"minecraft:milk_bucket":1,"minecraft:glass":12,"minecraft:redstone_torch":9,"minecraft:mossy_cobblestone_stairs":6,"minecraft:black_terracotta":1,"minecraft:acacia_stairs":3,"minecraft:sea_lantern":1,"minecraft:black_concrete":860,"minecraft:bookshelf":1,"minecraft:acacia_door":1,"minecraft:dark_oak_log":1362,"minecraft:command_block":60,"minecraft:lantern":26,"minecraft:grass_block":1216,"minecraft:cyan_bed":5,"minecraft:barrier":502,"minecraft:polished_andesite_stairs":16,"minecraft:stone_button":29,"minecraft:quartz_block":3,"minecraft:stone_slab":23,"minecraft:dark_oak_leaves":507,"minecraft:smooth_quartz":5,"minecraft:iron_door":2,"minecraft:item_frame":7,"minecraft:coal_block":6,"minecraft:diamond_sword":3,"minecraft:repeater":167,"minecraft:red_carpet":13,"minecraft:redstone_lamp":14,"minecraft:cobblestone":1,"minecraft:written_book":3,"minecraft:furnace":1,"minecraft:white_banner":7,"minecraft:grindstone":1,"minecraft:grass_path":106,"minecraft:repeating_command_block":11,"minecraft:smooth_stone_slab":1134,"minecraft:white_concrete":180,"minecraft:smooth_stone":38,"minecraft:bone_meal":1428,"minecraft:dark_oak_sapling":1639}},"DataVersion":2586}