{"stats":{"minecraft:dropped":{"minecraft:stripped_oak_log":1},"minecraft:mined":{"minecraft:bricks":2},"minecraft:picked_up":{"minecraft:iron_door":1,"minecraft:dandelion":1,"minecraft:bricks":2},"minecraft:used":{"minecraft:redstone_torch":5,"minecraft:oak_log":10,"minecraft:glass":8,"minecraft:oak_leaves":1,"minecraft:stone_brick_slab":15,"minecraft:red_carpet":6,"minecraft:acacia_stairs":2,"minecraft:repeater":129,"minecraft:black_concrete":279,"minecraft:iron_bars":2,"minecraft:dirt":13,"minecraft:bricks":2,"minecraft:command_block":50,"minecraft:red_concrete":31,"minecraft:iron_block":58,"minecraft:grass_block":33,"minecraft:redstone":24,"minecraft:barrier":22,"minecraft:oak_planks":19,"minecraft:iron_pickaxe":2,"minecraft:smooth_stone_slab":29,"minecraft:spruce_planks":6,"minecraft:acacia_button":4,"minecraft:stripped_oak_log":148,"minecraft:stone":23,"minecraft:iron_door":3,"minecraft:bedrock":6},"minecraft:custom":{"minecraft:time_since_rest":156023,"minecraft:open_chest":20,"minecraft:crouch_one_cm":7192,"minecraft:play_one_minute":156023,"minecraft:sprint_one_cm":83745,"minecraft:walk_one_cm":272990,"minecraft:sneak_time":4502,"minecraft:drop":1,"minecraft:jump":773,"minecraft:leave_game":6,"minecraft:time_since_death":156023,"minecraft:fly_one_cm":692288}},"DataVersion":2586}