{"stats":{"minecraft:used":{"minecraft:redstone_torch":9,"minecraft:oak_log":586,"minecraft:crimson_button":1,"minecraft:glass":19,"minecraft:netherite_sword":1,"minecraft:end_rod":1,"minecraft:mossy_stone_bricks":23,"minecraft:black_wool":6,"minecraft:black_concrete":8,"minecraft:iron_bars":44,"minecraft:writable_book":2,"minecraft:enchanting_table":1,"minecraft:bookshelf":61,"minecraft:bricks":5,"minecraft:spruce_door":20,"minecraft:red_wool":31,"minecraft:oak_planks":562,"minecraft:lantern":14,"minecraft:grass_block":87,"minecraft:oak_stairs":391,"minecraft:redstone":11,"minecraft:polished_andesite":21,"minecraft:barrier":36,"minecraft:stone_button":3,"minecraft:ladder":1,"minecraft:green_wool":4,"minecraft:chest":41,"minecraft:spruce_planks":486,"minecraft:stone":151,"minecraft:polished_granite":2,"minecraft:spruce_trapdoor":13,"minecraft:redstone_block":12,"minecraft:oak_pressure_plate":13,"minecraft:iron_door":14,"minecraft:quartz_stairs":2,"minecraft:stone_brick_stairs":2,"minecraft:item_frame":30,"minecraft:barrel":15,"minecraft:stone_bricks":32,"minecraft:oak_leaves":32,"minecraft:cracked_stone_bricks":17,"minecraft:torch":18,"minecraft:redstone_lamp":22,"minecraft:red_carpet":34,"minecraft:dirt":1,"minecraft:anvil":1,"minecraft:white_carpet":15,"minecraft:oak_slab":24,"minecraft:red_bed":2,"minecraft:hopper":1,"minecraft:oak_sapling":168,"minecraft:furnace":31,"minecraft:dark_oak_fence":24,"minecraft:spruce_stairs":25,"minecraft:smooth_stone_slab":40,"minecraft:polished_blackstone_button":1,"minecraft:stone_pressure_plate":3,"minecraft:stripped_oak_log":974,"minecraft:stone_brick_wall":2,"minecraft:painting":14,"minecraft:bone_meal":845,"minecraft:polished_diorite":10,"minecraft:dark_oak_sapling":80},"minecraft:killed":{"minecraft:horse":1,"minecraft:bat":2},"minecraft:custom":{"minecraft:time_since_rest":139404,"minecraft:interact_with_furnace":3,"minecraft:sprint_one_cm":58940,"minecraft:walk_one_cm":353060,"minecraft:mob_kills":3,"minecraft:interact_with_anvil":1,"minecraft:drop":1,"minecraft:damage_dealt":390,"minecraft:fly_one_cm":676896,"minecraft:open_barrel":7,"minecraft:open_chest":6,"minecraft:play_one_minute":139404,"minecraft:crouch_one_cm":19937,"minecraft:sneak_time":7189,"minecraft:jump":394,"minecraft:leave_game":7,"minecraft:time_since_death":139404,"minecraft:climb_one_cm":203},"minecraft:picked_up":{"minecraft:leather":1,"minecraft:torch":1,"minecraft:spruce_door":1,"minecraft:lantern":1,"minecraft:smooth_stone_slab":2,"minecraft:item_frame":2,"minecraft:red_carpet":7,"minecraft:lever":1},"minecraft:dropped":{"minecraft:leather":1}},"DataVersion":2586}