{"stats":{"minecraft:mined":{"minecraft:redstone_torch":1},"minecraft:picked_up":{"minecraft:redstone_torch":1,"minecraft:black_concrete":1,"minecraft:smooth_stone":2},"minecraft:custom":{"minecraft:jump":4,"minecraft:time_since_rest":58866,"minecraft:leave_game":1,"minecraft:crouch_one_cm":17618,"minecraft:damage_dealt":10,"minecraft:play_one_minute":58866,"minecraft:sprint_one_cm":616829,"minecraft:damage_taken":10,"minecraft:time_since_death":58866,"minecraft:walk_one_cm":597331,"minecraft:sneak_time":5024,"minecraft:climb_one_cm":2896},"minecraft:used":{"minecraft:smooth_stone_slab":1172,"minecraft:black_concrete":44,"minecraft:stone":269,"minecraft:smooth_stone":320,"minecraft:grass_block":11,"minecraft:redstone_torch":1}},"DataVersion":2586}