{"stats":{"minecraft:mined":{"minecraft:grass_block":1,"minecraft:dirt":5},"minecraft:dropped":{"minecraft:dark_oak_door":1,"minecraft:iron_block":1,"minecraft:wooden_axe":1,"minecraft:crafting_table":1,"minecraft:writable_book":1,"minecraft:black_concrete":3,"minecraft:smooth_stone":1,"minecraft:spruce_door":1,"minecraft:grass_block":1,"minecraft:oak_door":1},"minecraft:used":{"minecraft:oak_fence":7,"minecraft:black_wool":44,"minecraft:lever":3,"minecraft:diorite":1,"minecraft:black_concrete":1239,"minecraft:spruce_door":12,"minecraft:orange_concrete":28,"minecraft:red_wool":157,"minecraft:quartz_slab":3,"minecraft:stripped_birch_log":231,"minecraft:iron_block":191,"minecraft:grass_block":41,"minecraft:oak_stairs":17,"minecraft:redstone":2,"minecraft:oak_planks":2,"minecraft:oak_sign":6,"minecraft:chest":3,"minecraft:stone":969,"minecraft:spruce_trapdoor":18,"minecraft:redstone_block":10,"minecraft:smooth_quartz":1,"minecraft:oak_pressure_plate":6,"minecraft:iron_door":9,"minecraft:dark_oak_button":5,"minecraft:quartz_stairs":8,"minecraft:crimson_nylium":2,"minecraft:stone_brick_stairs":22,"minecraft:yellow_wool":2,"minecraft:oak_door":2,"minecraft:debug_stick":11,"minecraft:tripwire_hook":4,"minecraft:dirt":6,"minecraft:dark_oak_trapdoor":1,"minecraft:redstone_lamp":56,"minecraft:red_nether_brick_wall":4,"minecraft:written_book":1,"minecraft:hopper":3,"minecraft:tnt":60,"minecraft:crafting_table":1,"minecraft:white_banner":3,"minecraft:furnace":3,"minecraft:jungle_door":3,"minecraft:acacia_fence":304,"minecraft:smooth_stone_slab":136,"minecraft:stone_pressure_plate":3,"minecraft:stone_brick_wall":16,"minecraft:granite":140,"minecraft:spruce_log":1,"minecraft:smooth_stone":305,"minecraft:dark_oak_door":5,"minecraft:polished_diorite":90},"minecraft:custom":{"minecraft:time_since_rest":221827,"minecraft:interact_with_furnace":1,"minecraft:sprint_one_cm":109786,"minecraft:damage_taken":920,"minecraft:walk_one_cm":269578,"minecraft:drop":12,"minecraft:interact_with_crafting_table":3,"minecraft:fly_one_cm":3235734,"minecraft:open_chest":4,"minecraft:crouch_one_cm":4073,"minecraft:play_one_minute":222676,"minecraft:deaths":1,"minecraft:sneak_time":10872,"minecraft:jump":1733,"minecraft:leave_game":5,"minecraft:time_since_death":221807,"minecraft:climb_one_cm":2566,"minecraft:fall_one_cm":9479},"minecraft:picked_up":{"minecraft:dark_oak_door":1,"minecraft:oak_door":1,"minecraft:spruce_door":1,"minecraft:dirt":25,"minecraft:oak_sign":2,"minecraft:black_concrete":2,"minecraft:smooth_stone":46,"minecraft:iron_block":62,"minecraft:written_book":1}},"DataVersion":2586}