{"stats":{"minecraft:custom":{"minecraft:jump":285,"minecraft:open_chest":4,"minecraft:time_since_rest":23461,"minecraft:crouch_one_cm":1644,"minecraft:play_one_minute":23461,"minecraft:leave_game":1,"minecraft:sprint_one_cm":25075,"minecraft:time_since_death":23461,"minecraft:walk_one_cm":23347,"minecraft:sneak_time":1667,"minecraft:climb_one_cm":5629,"minecraft:fly_one_cm":420455},"minecraft:used":{"minecraft:oak_planks":2,"minecraft:black_concrete":75,"minecraft:writable_book":1,"minecraft:stone":2,"minecraft:oak_slab":1}},"DataVersion":2586}