{"stats":{"minecraft:custom":{"minecraft:jump":74,"minecraft:time_since_rest":42064,"minecraft:crouch_one_cm":240,"minecraft:play_one_minute":42064,"minecraft:leave_game":2,"minecraft:sprint_one_cm":1025,"minecraft:time_since_death":42064,"minecraft:walk_one_cm":42743,"minecraft:sneak_time":2663,"minecraft:climb_one_cm":1440,"minecraft:fly_one_cm":412836},"minecraft:used":{"minecraft:smooth_stone_slab":354,"minecraft:black_concrete":415,"minecraft:stone":177,"minecraft:iron_block":2,"minecraft:grass_block":2}},"DataVersion":2586}