{"stats":{"minecraft:custom":{"minecraft:time_since_rest":268264,"minecraft:sprint_one_cm":205580,"minecraft:damage_taken":10,"minecraft:walk_one_cm":297343,"minecraft:drop":23,"minecraft:damage_dealt":10,"minecraft:fly_one_cm":2075139,"minecraft:open_chest":7,"minecraft:crouch_one_cm":12610,"minecraft:play_one_minute":268264,"minecraft:sneak_time":12649,"minecraft:jump":881,"minecraft:interact_with_blast_furnace":1,"minecraft:leave_game":8,"minecraft:time_since_death":268264,"minecraft:climb_one_cm":7575},"minecraft:picked_up":{"minecraft:stone":1,"minecraft:iron_door":4,"minecraft:ladder":1,"minecraft:filled_map":1,"minecraft:crimson_door":1,"minecraft:redstone":3,"minecraft:dirt":112,"minecraft:smooth_stone_slab":3,"minecraft:item_frame":1,"minecraft:command_block":1,"minecraft:black_concrete":4,"minecraft:smooth_stone":1,"minecraft:iron_block":12,"minecraft:painting":3,"minecraft:redstone_torch":1,"minecraft:oak_planks":1,"minecraft:cobblestone":1},"minecraft:used":{"minecraft:redstone_torch":3,"minecraft:andesite_wall":49,"minecraft:glass":7,"minecraft:diorite":8,"minecraft:lever":1,"minecraft:mossy_stone_bricks":19,"minecraft:black_concrete":329,"minecraft:flint_and_steel":3,"minecraft:command_block":10,"minecraft:red_wool":264,"minecraft:ladder":6,"minecraft:iron_block":71,"minecraft:grass_block":50,"minecraft:polished_andesite":3,"minecraft:redstone":79,"minecraft:barrier":8,"minecraft:green_wool":26,"minecraft:oak_planks":21,"minecraft:oak_sign":17,"minecraft:stone":1031,"minecraft:smooth_quartz":72,"minecraft:iron_door":8,"minecraft:dark_oak_button":1,"minecraft:yellow_wool":94,"minecraft:stone_brick_stairs":12,"minecraft:stone_bricks":16,"minecraft:bedrock":6,"minecraft:item_frame":16,"minecraft:debug_stick":55,"minecraft:birch_trapdoor":1,"minecraft:repeater":26,"minecraft:dirt":6,"minecraft:tnt":5,"minecraft:skeleton_skull":2,"minecraft:smooth_stone_slab":1100,"minecraft:white_stained_glass_pane":17,"minecraft:crimson_door":2,"minecraft:acacia_fence":57,"minecraft:yellow_stained_glass_pane":48,"minecraft:repeating_command_block":2,"minecraft:stone_brick_wall":8,"minecraft:smooth_stone":810},"minecraft:dropped":{"minecraft:stone":2,"minecraft:tnt":1,"minecraft:smooth_stone_slab":1,"minecraft:repeater":1,"minecraft:oak_planks":3,"minecraft:command_block":2,"minecraft:black_concrete":4,"minecraft:smooth_stone":3,"minecraft:acacia_fence":1,"minecraft:flint_and_steel":1,"minecraft:redstone":2,"minecraft:polished_andesite":1,"minecraft:filled_map":1}},"DataVersion":2586}