{"stats":{"minecraft:used":{"minecraft:light_blue_carpet":7,"minecraft:quartz_bricks":14,"minecraft:crimson_fence":4,"minecraft:spruce_door":1,"minecraft:orange_concrete":45,"minecraft:birch_planks":5,"minecraft:redstone":61,"minecraft:gray_carpet":143,"minecraft:jungle_fence":7,"minecraft:ladder":41,"minecraft:black_carpet":48,"minecraft:chest":9,"minecraft:spruce_planks":17,"minecraft:stone":4,"minecraft:redstone_block":97,"minecraft:wooden_shovel":2,"minecraft:grass":12,"minecraft:gold_ore":1,"minecraft:farmland":21,"minecraft:oak_leaves":19,"minecraft:white_wool":6,"minecraft:orange_bed":1,"minecraft:exposed_cut_copper_stairs":4,"minecraft:polished_blackstone_pressure_plate":4,"minecraft:red_nether_brick_slab":10,"minecraft:dark_oak_trapdoor":1,"minecraft:diamond_block":12,"minecraft:orange_carpet":2,"minecraft:rail":8,"minecraft:birch_pressure_plate":4,"minecraft:anvil":1,"minecraft:yellow_terracotta":1,"minecraft:white_carpet":71,"minecraft:crafting_table":2,"minecraft:light_blue_wool":4,"minecraft:carrot":18,"minecraft:yellow_stained_glass_pane":5,"minecraft:yellow_concrete":3,"minecraft:yellow_carpet":3,"minecraft:sponge":145,"minecraft:bee_nest":14,"minecraft:glow_lichen":18,"minecraft:spruce_fence":4,"minecraft:dark_oak_door":3,"minecraft:mushroom_stem":6,"minecraft:birch_fence":37,"minecraft:dark_oak_planks":12,"minecraft:sticky_piston":4,"minecraft:flower_pot":1,"minecraft:netherite_block":177,"minecraft:crimson_button":1,"minecraft:lever":4,"minecraft:honey_block":13,"minecraft:packed_ice":7,"minecraft:sea_lantern":6,"minecraft:birch_fence_gate":3,"minecraft:gray_stained_glass_pane":21,"minecraft:command_block":38,"minecraft:light_gray_concrete":40,"minecraft:yellow_stained_glass":8,"minecraft:grass_block":60,"minecraft:light_weighted_pressure_plate":2,"minecraft:barrier":26,"minecraft:slime_block":3,"minecraft:stone_button":2,"minecraft:green_wool":7,"minecraft:wet_sponge":9,"minecraft:magenta_concrete":6,"minecraft:iron_door":1,"minecraft:raw_gold_block":1,"minecraft:gravel":7,"minecraft:flowering_azalea_leaves":2,"minecraft:acacia_fence_gate":2,"minecraft:item_frame":2,"minecraft:yellow_concrete_powder":6,"minecraft:repeater":28,"minecraft:red_nether_brick_wall":2,"minecraft:red_carpet":3,"minecraft:nether_wart_block":10,"minecraft:coal_block":12,"minecraft:glowstone":11,"minecraft:red_stained_glass_pane":5,"minecraft:redstone_lamp":7,"minecraft:honeycomb_block":6,"minecraft:magma_block":35,"minecraft:hay_block":2,"minecraft:furnace":3,"minecraft:stripped_oak_wood":13,"minecraft:andesite":54,"minecraft:smooth_stone_slab":56,"minecraft:glass_pane":16,"minecraft:gold_block":115,"minecraft:repeating_command_block":15,"minecraft:sea_pickle":3,"minecraft:crimson_pressure_plate":4,"minecraft:white_concrete":1837,"minecraft:warped_button":3,"minecraft:light_gray_bed":1,"minecraft:bone_meal":38,"minecraft:jukebox":1},"minecraft:dropped":{"minecraft:repeating_command_block":1,"minecraft:command_block":1},"minecraft:custom":{"minecraft:pot_flower":1,"minecraft:leave_game":3,"minecraft:time_since_death":160296,"minecraft:climb_one_cm":11077,"minecraft:time_since_rest":160296,"minecraft:damage_taken":50,"minecraft:sprint_one_cm":56999,"minecraft:walk_one_cm":167522,"minecraft:drop":2,"minecraft:fly_one_cm":613401,"minecraft:open_chest":7,"minecraft:crouch_one_cm":5567,"minecraft:play_time":160296,"minecraft:sneak_time":5030,"minecraft:jump":558,"minecraft:walk_on_water_one_cm":450,"minecraft:total_world_time":246686},"minecraft:picked_up":{"minecraft:command_block":1,"minecraft:repeating_command_block":1}},"DataVersion":2730}