{"stats":{"minecraft:dropped":{"minecraft:repeating_command_block":3,"minecraft:cyan_glazed_terracotta":3,"minecraft:spore_blossom":1,"minecraft:honeycomb":10,"minecraft:item_frame":1,"minecraft:bone_meal":1,"minecraft:spyglass":1,"minecraft:nether_brick":3,"minecraft:quartz_bricks":1,"minecraft:glowstone":1,"minecraft:water_bucket":1,"minecraft:barrier":11,"minecraft:command_block":11,"minecraft:pufferfish":1,"minecraft:string":1,"minecraft:player_head":1,"minecraft:slime_block":1,"minecraft:debug_stick":2,"minecraft:magenta_candle":1,"minecraft:white_stained_glass":1},"minecraft:custom":{"minecraft:interact_with_crafting_table":4,"minecraft:open_barrel":18,"minecraft:open_shulker_box":50,"minecraft:eat_cake_slice":7,"minecraft:leave_game":86,"minecraft:time_since_death":19750,"minecraft:sprint_one_cm":1231247,"minecraft:drop":55,"minecraft:play_time":2576224,"minecraft:deaths":45,"minecraft:jump":15494,"minecraft:walk_on_water_one_cm":83104,"minecraft:open_enderchest":14,"minecraft:damage_dealt":3125,"minecraft:interact_with_beacon":1,"minecraft:crouch_one_cm":174023,"minecraft:inspect_dispenser":1,"minecraft:mob_kills":18,"minecraft:interact_with_anvil":12,"minecraft:climb_one_cm":257459,"minecraft:walk_one_cm":2775588,"minecraft:sneak_time":134676,"minecraft:walk_under_water_one_cm":121858,"minecraft:total_world_time":3182380,"minecraft:pot_flower":4,"minecraft:time_since_rest":19772,"minecraft:damage_taken":7573,"minecraft:trigger_trapped_chest":1,"minecraft:swim_one_cm":36587,"minecraft:fly_one_cm":11494021,"minecraft:open_chest":16,"minecraft:fall_one_cm":178206},"minecraft:killed":{"minecraft:skeleton":14,"minecraft:axolotl":1,"minecraft:husk":1},"minecraft:used":{"minecraft:moss_block":50,"minecraft:orange_dye":1,"minecraft:light_blue_banner":2,"minecraft:moss_carpet":310,"minecraft:nether_brick_fence":6,"minecraft:light_blue_stained_glass_pane":32,"minecraft:blue_terracotta":143,"minecraft:red_sand":396,"minecraft:polished_deepslate":120,"minecraft:chiseled_deepslate":1,"minecraft:melon":17,"minecraft:bone_block":41,"minecraft:spruce_slab":73,"minecraft:red_sandstone_slab":18,"minecraft:dispenser":21,"minecraft:diamond_hoe":24,"minecraft:dead_brain_coral":2,"minecraft:poppy":5,"minecraft:ladder":691,"minecraft:oak_sign":6,"minecraft:white_concrete_powder":125,"minecraft:chest":41,"minecraft:white_terracotta":314,"minecraft:stone":1718,"minecraft:brown_concrete":10,"minecraft:white_shulker_box":39,"minecraft:stripped_jungle_wood":85,"minecraft:quartz_stairs":19,"minecraft:bubble_coral":2,"minecraft:grass":19,"minecraft:mossy_stone_brick_slab":3,"minecraft:player_head":17,"minecraft:farmland":230,"minecraft:green_terracotta":71,"minecraft:tube_coral":75,"minecraft:debug_stick":428,"minecraft:white_candle":14,"minecraft:spruce_leaves":27,"minecraft:soul_campfire":9,"minecraft:soul_sand":353,"minecraft:birch_pressure_plate":8,"minecraft:lily_of_the_valley":3,"minecraft:skeleton_spawn_egg":34,"minecraft:cut_copper":12,"minecraft:nether_bricks":31,"minecraft:jungle_planks":154,"minecraft:carrot":2,"minecraft:cracked_deepslate_tiles":25,"minecraft:orange_wool":163,"minecraft:magenta_candle":15,"minecraft:tuff":396,"minecraft:beehive":2,"minecraft:cyan_wool":41,"minecraft:axolotl_bucket":5,"minecraft:weeping_vines":8,"minecraft:milk_bucket":2,"minecraft:obsidian":272,"minecraft:polished_deepslate_stairs":2,"minecraft:big_dripleaf":208,"minecraft:jungle_sapling":36,"minecraft:glass":85,"minecraft:crimson_button":2,"minecraft:packed_ice":101,"minecraft:honey_block":122,"minecraft:cyan_terracotta":327,"minecraft:lava_bucket":84,"minecraft:bricks":272,"minecraft:coal_ore":23,"minecraft:quartz_slab":6,"minecraft:red_wool":143,"minecraft:deepslate_copper_ore":31,"minecraft:lantern":6,"minecraft:grass_block":2552,"minecraft:green_wool":235,"minecraft:copper_ore":13,"minecraft:warped_nylium":320,"minecraft:dark_oak_leaves":8,"minecraft:dark_oak_slab":33,"minecraft:gray_concrete_powder":309,"minecraft:crimson_roots":4,"minecraft:raw_gold_block":136,"minecraft:pink_wool":17,"minecraft:stone_bricks":529,"minecraft:item_frame":32,"minecraft:honeycomb_block":478,"minecraft:bedrock":146,"minecraft:rabbit_stew":17,"minecraft:snow":124,"minecraft:deepslate_diamond_ore":13,"minecraft:red_carpet":142,"minecraft:birch_trapdoor":5,"minecraft:red_stained_glass_pane":9,"minecraft:repeater":342,"minecraft:redstone_lamp":16,"minecraft:brown_carpet":103,"minecraft:magma_block":97,"minecraft:bow":4,"minecraft:horn_coral":4,"minecraft:warped_fungus":1,"minecraft:hay_block":28,"minecraft:scaffolding":37,"minecraft:oak_sapling":15,"minecraft:furnace":6,"minecraft:acacia_fence":25,"minecraft:gold_block":173,"minecraft:gray_banner":10,"minecraft:pink_concrete_powder":18,"minecraft:fire_coral_fan":50,"minecraft:green_stained_glass_pane":37,"minecraft:seagrass":87,"minecraft:dead_brain_coral_fan":6,"minecraft:brown_concrete_powder":379,"minecraft:lime_glazed_terracotta":376,"minecraft:light_blue_carpet":147,"minecraft:emerald_ore":13,"minecraft:mossy_stone_bricks":74,"minecraft:waxed_oxidized_cut_copper_slab":14,"minecraft:diorite":16,"minecraft:ink_sac":1,"minecraft:tube_coral_fan":22,"minecraft:damaged_anvil":6,"minecraft:end_stone_bricks":51,"minecraft:spruce_door":10,"minecraft:wither_skeleton_skull":16,"minecraft:red_stained_glass":73,"minecraft:gray_carpet":1,"minecraft:acacia_trapdoor":6,"minecraft:dark_oak_sign":75,"minecraft:prismarine":136,"minecraft:jungle_fence":11,"minecraft:oak_planks":164,"minecraft:blackstone":119,"minecraft:cactus":80,"minecraft:lime_concrete_powder":58,"minecraft:leather_chestplate":2,"minecraft:sandstone":260,"minecraft:redstone_block":59,"minecraft:composter":44,"minecraft:clay":3,"minecraft:sugar_cane":25,"minecraft:purpur_pillar":56,"minecraft:oak_leaves":230,"minecraft:large_amethyst_bud":13,"minecraft:smooth_quartz_stairs":1,"minecraft:white_wool":337,"minecraft:brain_coral":20,"minecraft:respawn_anchor":40,"minecraft:glow_berries":39,"minecraft:dark_oak_trapdoor":48,"minecraft:blue_dye":5,"minecraft:sand":1348,"minecraft:yellow_terracotta":181,"minecraft:cut_sandstone_slab":16,"minecraft:loom":5,"minecraft:light_blue_wool":72,"minecraft:light_gray_terracotta":120,"minecraft:cyan_dye":2,"minecraft:deepslate_redstone_ore":3,"minecraft:purple_terracotta":101,"minecraft:dripstone_block":225,"minecraft:black_concrete_powder":94,"minecraft:end_stone":174,"minecraft:deepslate_lapis_ore":19,"minecraft:purple_concrete_powder":10,"minecraft:crimson_fence_gate":11,"minecraft:lightning_rod":1,"minecraft:birch_fence":81,"minecraft:redstone_torch":18,"minecraft:deepslate_tiles":161,"minecraft:sticky_piston":27,"minecraft:black_terracotta":138,"minecraft:blue_glazed_terracotta":1,"minecraft:lever":83,"minecraft:green_concrete":31,"minecraft:black_concrete":64,"minecraft:firework_rocket":23,"minecraft:birch_fence_gate":8,"minecraft:crying_obsidian":20,"minecraft:dark_oak_log":52,"minecraft:light_gray_concrete":18,"minecraft:lime_carpet":78,"minecraft:heavy_weighted_pressure_plate":18,"minecraft:deepslate_iron_ore":5,"minecraft:bread":1,"minecraft:stone_button":47,"minecraft:string":65,"minecraft:brown_wool":90,"minecraft:barrier":6311,"minecraft:light_gray_candle":18,"minecraft:cyan_carpet":39,"minecraft:spore_blossom":6,"minecraft:lectern":6,"minecraft:white_glazed_terracotta":21,"minecraft:red_terracotta":37,"minecraft:polished_granite":20,"minecraft:diamond_ore":16,"minecraft:iron_door":1,"minecraft:deepslate":400,"minecraft:gravel":81,"minecraft:flowering_azalea_leaves":492,"minecraft:magenta_stained_glass_pane":22,"minecraft:nether_wart_block":71,"minecraft:coal_block":429,"minecraft:light_blue_concrete_powder":26,"minecraft:pufferfish_bucket":1,"minecraft:medium_amethyst_bud":17,"minecraft:crimson_door":2,"minecraft:deepslate_coal_ore":34,"minecraft:dark_oak_fence":56,"minecraft:birch_log":115,"minecraft:white_stained_glass":681,"minecraft:green_concrete_powder":166,"minecraft:andesite":292,"minecraft:chain":42,"minecraft:smooth_stone_slab":144,"minecraft:ice":108,"minecraft:oak_boat":2,"minecraft:white_concrete":140,"minecraft:coarse_dirt":541,"minecraft:warped_button":1,"minecraft:chorus_plant":55,"minecraft:bone_meal":892,"minecraft:purple_wool":248,"minecraft:cobweb":11,"minecraft:experience_bottle":79,"minecraft:gray_stained_glass":17,"minecraft:azalea":3,"minecraft:oak_fence":346,"minecraft:oak_trapdoor":9,"minecraft:purpur_block":80,"minecraft:petrified_oak_slab":1,"minecraft:orange_concrete_powder":53,"minecraft:netherite_sword":37,"minecraft:jungle_leaves":135,"minecraft:rose_bush":5,"minecraft:iron_bars":76,"minecraft:dead_bush":96,"minecraft:crimson_fence":45,"minecraft:flint_and_steel":60,"minecraft:orange_concrete":9,"minecraft:brain_coral_fan":30,"minecraft:carved_pumpkin":8,"minecraft:redstone_ore":16,"minecraft:red_concrete":9,"minecraft:redstone":178,"minecraft:mycelium":463,"minecraft:light_blue_terracotta":55,"minecraft:spruce_planks":906,"minecraft:tinted_glass":401,"minecraft:ender_chest":11,"minecraft:brown_shulker_box":1,"minecraft:deepslate_gold_ore":12,"minecraft:wooden_shovel":24,"minecraft:cooked_chicken":8,"minecraft:dried_kelp_block":36,"minecraft:netherrack":1003,"minecraft:oak_door":2,"minecraft:torch":29,"minecraft:light_gray_shulker_box":1,"minecraft:anvil":8,"minecraft:spyglass":28,"minecraft:brewing_stand":1,"minecraft:ancient_debris":36,"minecraft:dirt":74,"minecraft:warped_wart_block":52,"minecraft:red_nether_brick_slab":18,"minecraft:light_blue_dye":3,"minecraft:white_carpet":159,"minecraft:chorus_flower":11,"minecraft:nether_quartz_ore":6,"minecraft:spruce_stairs":5,"minecraft:twisting_vines":14,"minecraft:crimson_hyphae":13,"minecraft:pink_carpet":105,"minecraft:oak_wood":102,"minecraft:yellow_carpet":7,"minecraft:bee_nest":17,"minecraft:raw_iron_block":8,"minecraft:pink_dye":2,"minecraft:warped_pressure_plate":3,"minecraft:jungle_trapdoor":11,"minecraft:glow_lichen":52,"minecraft:spruce_fence":132,"minecraft:granite":33,"minecraft:dead_brain_coral_block":78,"minecraft:light_blue_stained_glass":81,"minecraft:nether_brick_stairs":9,"minecraft:oak_fence_gate":14,"minecraft:fern":3,"minecraft:orange_candle":18,"minecraft:small_dripleaf":14,"minecraft:shroomlight":8,"minecraft:mossy_cobblestone_stairs":4,"minecraft:stone_brick_slab":39,"minecraft:dark_oak_planks":79,"minecraft:brown_terracotta":101,"minecraft:sea_lantern":11,"minecraft:flowering_azalea":5,"minecraft:light_gray_stained_glass":44,"minecraft:bookshelf":239,"minecraft:gray_dye":1,"minecraft:iron_block":259,"minecraft:rooted_dirt":35,"minecraft:oak_stairs":103,"minecraft:smooth_sandstone":166,"minecraft:slime_block":789,"minecraft:brick_stairs":15,"minecraft:warped_fence":2,"minecraft:polished_deepslate_wall":2,"minecraft:jungle_log":44,"minecraft:crimson_slab":6,"minecraft:smooth_quartz":45,"minecraft:lime_dye":1,"minecraft:pink_stained_glass_pane":115,"minecraft:crimson_planks":2,"minecraft:barrel":56,"minecraft:prismarine_slab":14,"minecraft:smooth_basalt":10,"minecraft:bamboo":118,"minecraft:yellow_concrete_powder":47,"minecraft:light_gray_wool":11,"minecraft:basalt":152,"minecraft:tripwire_hook":29,"minecraft:glowstone":10,"minecraft:raw_copper_block":6,"minecraft:emerald_block":58,"minecraft:black_stained_glass":9,"minecraft:magenta_wool":5,"minecraft:soul_soil":169,"minecraft:gray_glazed_terracotta":11,"minecraft:iron_trapdoor":6,"minecraft:magenta_terracotta":48,"minecraft:oxidized_copper":20,"minecraft:lime_stained_glass":154,"minecraft:black_dye":1,"minecraft:white_stained_glass_pane":14,"minecraft:podzol":217,"minecraft:acacia_wood":12,"minecraft:infested_cobblestone":3,"minecraft:trapped_chest":1,"minecraft:cyan_concrete_powder":12,"minecraft:crimson_pressure_plate":2,"minecraft:stone_pressure_plate":10,"minecraft:cobbled_deepslate":139,"minecraft:acacia_planks":21,"minecraft:pumpkin":35,"minecraft:red_dye":8,"minecraft:orange_terracotta":156,"minecraft:brown_candle":39,"minecraft:powder_snow_bucket":155,"minecraft:magenta_dye":1,"minecraft:light_gray_bed":2,"minecraft:horn_coral_fan":33,"minecraft:hanging_roots":14,"minecraft:beetroot_soup":1,"minecraft:pointed_dripstone":166,"minecraft:crimson_stem":21,"minecraft:deepslate_emerald_ore":12,"minecraft:calcite":115,"minecraft:wheat_seeds":203,"minecraft:quartz_bricks":3330,"minecraft:water_bucket":614,"minecraft:warped_stem":28,"minecraft:light_blue_shulker_box":8,"minecraft:iron_ore":10,"minecraft:amethyst_block":252,"minecraft:pink_tulip":5,"minecraft:tube_coral_block":114,"minecraft:light_blue_glazed_terracotta":1,"minecraft:dirt_path":23,"minecraft:pink_glazed_terracotta":2,"minecraft:lodestone":19,"minecraft:snow_block":464,"minecraft:birch_planks":170,"minecraft:cyan_candle":16,"minecraft:polished_andesite":74,"minecraft:lime_wool":251,"minecraft:red_nether_bricks":7,"minecraft:bubble_coral_fan":11,"minecraft:blue_wool":27,"minecraft:copper_block":5,"minecraft:waxed_oxidized_cut_copper":4,"minecraft:purple_glazed_terracotta":2,"minecraft:black_shulker_box":6,"minecraft:red_mushroom_block":16,"minecraft:brown_mushroom":49,"minecraft:blue_concrete_powder":48,"minecraft:spruce_sign":5,"minecraft:white_dye":2,"minecraft:spruce_fence_gate":2,"minecraft:red_glazed_terracotta":97,"minecraft:beacon":4,"minecraft:green_bed":1,"minecraft:glow_ink_sac":52,"minecraft:cobblestone_slab":18,"minecraft:leather_boots":2,"minecraft:gold_ore":15,"minecraft:warped_roots":4,"minecraft:waxed_copper_block":1,"minecraft:cracked_stone_bricks":80,"minecraft:diamond_block":36,"minecraft:orange_carpet":148,"minecraft:glow_item_frame":3,"minecraft:jungle_wood":9,"minecraft:polished_blackstone_pressure_plate":33,"minecraft:mossy_cobblestone":12,"minecraft:brown_dye":1,"minecraft:lime_terracotta":167,"minecraft:terracotta":33,"minecraft:rail":153,"minecraft:vine":157,"minecraft:red_bed":1,"minecraft:dark_prismarine_slab":12,"minecraft:crafting_table":10,"minecraft:oak_slab":72,"minecraft:cyan_glazed_terracotta":17,"minecraft:green_dye":2,"minecraft:crimson_trapdoor":10,"minecraft:dead_fire_coral_block":13,"minecraft:red_mushroom":42,"minecraft:brown_banner":11,"minecraft:light_gray_concrete_powder":56,"minecraft:dark_oak_fence_gate":6,"minecraft:fire_coral":5,"minecraft:painting":24,"minecraft:magenta_carpet":244,"minecraft:cake":1,"minecraft:spruce_log":104,"minecraft:dark_oak_door":13,"minecraft:mushroom_stem":35,"minecraft:nether_gold_ore":5,"minecraft:oak_log":193,"minecraft:amethyst_cluster":32,"minecraft:yellow_dye":4,"minecraft:gray_terracotta":85,"minecraft:dark_prismarine":48,"minecraft:piston":70,"minecraft:netherite_block":27,"minecraft:flower_pot":4,"minecraft:ender_eye":14,"minecraft:light":28,"minecraft:cornflower":5,"minecraft:black_wool":941,"minecraft:oxeye_daisy":5,"minecraft:command_block":287,"minecraft:sunflower":5,"minecraft:gray_candle":9,"minecraft:map":5,"minecraft:lapis_ore":16,"minecraft:spruce_pressure_plate":3,"minecraft:magenta_concrete":33,"minecraft:stone_slab":10,"minecraft:purpur_slab":59,"minecraft:spruce_trapdoor":89,"minecraft:magenta_concrete_powder":2,"minecraft:spruce_sapling":8,"minecraft:budding_amethyst":31,"minecraft:purple_dye":2,"minecraft:crimson_nylium":164,"minecraft:yellow_wool":67,"minecraft:blue_carpet":2,"minecraft:green_carpet":166,"minecraft:chiseled_stone_bricks":28,"minecraft:crimson_fungus":1,"minecraft:cobblestone":62,"minecraft:azalea_leaves":29,"minecraft:orange_banner":79,"minecraft:end_crystal":2,"minecraft:stripped_crimson_hyphae":50,"minecraft:acacia_pressure_plate":10,"minecraft:red_concrete_powder":65,"minecraft:white_banner":1,"minecraft:warped_fence_gate":3,"minecraft:sandstone_slab":46,"minecraft:lapis_block":47,"minecraft:glass_pane":62,"minecraft:magenta_glazed_terracotta":110,"minecraft:repeating_command_block":29,"minecraft:sea_pickle":92,"minecraft:end_portal_frame":14,"minecraft:polished_blackstone_button":7,"minecraft:husk_spawn_egg":2,"minecraft:kelp":117,"minecraft:purple_carpet":93,"minecraft:brown_mushroom_block":121,"minecraft:candle":9,"minecraft:soul_torch":4,"minecraft:green_stained_glass":76},"minecraft:mined":{"minecraft:slime_block":1},"minecraft:killed_by":{"minecraft:skeleton":15},"minecraft:crafted":{"minecraft:leather_chestplate":7,"minecraft:leather_leggings":2,"minecraft:leather_boots":3},"minecraft:picked_up":{"minecraft:nether_brick":3,"minecraft:string":1,"minecraft:pufferfish":1,"minecraft:pointed_dripstone":2,"minecraft:command_block":11,"minecraft:glowstone":1,"minecraft:barrier":11,"minecraft:water_bucket":1,"minecraft:honeycomb":10,"minecraft:debug_stick":2,"minecraft:slime_block":1,"minecraft:bone_meal":1,"minecraft:white_stained_glass":1,"minecraft:item_frame":1,"minecraft:player_head":1,"minecraft:cyan_glazed_terracotta":3,"minecraft:repeating_command_block":3,"minecraft:spore_blossom":1,"minecraft:spyglass":1}},"DataVersion":2730}