{
  "minecraft:recipes/decorations/smoker": {
    "criteria": {
      "has_furnace": "2021-08-02 16:23:06 +0300"
    },
    "done": true
  },
  "minecraft:recipes/building_blocks/purple_wool": {
    "criteria": {
      "has_white_wool": "2021-08-02 16:21:28 +0300"
    },
    "done": true
  },
  "minecraft:recipes/building_blocks/magenta_concrete_powder": {
    "criteria": {
      "has_gravel": "2021-08-02 21:43:50 +0300"
    },
    "done": true
  },
  "minecraft:recipes/decorations/green_bed": {
    "criteria": {
      "has_green_wool": "2021-08-02 16:09:00 +0300"
    },
    "done": true
  },
  "minecraft:recipes/building_blocks/stone_bricks": {
    "criteria": {
      "has_stone": "2021-08-02 16:33:18 +0300"
    },
    "done": true
  },
  "minecraft:recipes/redstone/spruce_door": {
    "criteria": {
      "has_planks": "2021-08-02 16:18:11 +0300"
    },
    "done": true
  },
  "minecraft:recipes/misc/wheat": {
    "criteria": {
      "has_hay_block": "2021-08-03 00:40:40 +0300"
    },
    "done": true
  },
  "minecraft:recipes/building_blocks/polished_andesite_stairs_from_andesite_stonecutting": {
    "criteria": {
      "has_andesite": "2021-08-02 16:14:24 +0300"
    },
    "done": true
  },
  "minecraft:recipes/decorations/white_bed": {
    "criteria": {
      "has_white_wool": "2021-08-02 16:21:28 +0300"
    },
    "done": true
  },
  "minecraft:recipes/decorations/yellow_stained_glass_pane_from_glass_pane": {
    "criteria": {
      "has_glass_pane": "2021-08-02 16:16:58 +0300"
    },
    "done": true
  },
  "minecraft:recipes/building_blocks/lime_concrete_powder": {
    "criteria": {
      "has_gravel": "2021-08-02 21:43:50 +0300"
    },
    "done": true
  },
  "minecraft:recipes/building_blocks/cut_sandstone_from_sandstone_stonecutting": {
    "criteria": {
      "has_sandstone": "2021-08-03 00:40:57 +0300"
    },
    "done": true
  },
  "minecraft:recipes/redstone/spruce_fence_gate": {
    "criteria": {
      "has_planks": "2021-08-02 16:18:11 +0300"
    },
    "done": true
  },
  "minecraft:recipes/building_blocks/yellow_concrete_powder": {
    "criteria": {
      "has_gravel": "2021-08-02 21:43:50 +0300"
    },
    "done": true
  },
  "minecraft:recipes/decorations/magenta_bed": {
    "criteria": {
      "has_magenta_wool": "2021-08-02 16:30:25 +0300"
    },
    "done": true
  },
  "minecraft:recipes/redstone/birch_pressure_plate": {
    "criteria": {
      "has_planks": "2021-08-02 16:22:06 +0300"
    },
    "done": true
  },
  "minecraft:recipes/decorations/crafting_table": {
    "criteria": {
      "has_planks": "2021-08-02 16:18:11 +0300"
    },
    "done": true
  },
  "minecraft:recipes/building_blocks/magenta_wool": {
    "criteria": {
      "has_white_wool": "2021-08-02 16:21:28 +0300"
    },
    "done": true
  },
  "minecraft:recipes/redstone/redstone": {
    "criteria": {
      "has_redstone_block": "2021-08-02 16:38:30 +0300"
    },
    "done": true
  },
  "minecraft:recipes/misc/melon_seeds": {
    "criteria": {
      "has_melon": "2021-08-02 16:23:34 +0300"
    },
    "done": true
  },
  "minecraft:recipes/building_blocks/smooth_stone": {
    "criteria": {
      "has_stone": "2021-08-02 16:33:18 +0300"
    },
    "done": true
  },
  "minecraft:recipes/building_blocks/dark_oak_slab": {
    "criteria": {
      "has_planks": "2021-08-02 21:36:01 +0300"
    },
    "done": true
  },
  "minecraft:recipes/decorations/chest": {
    "criteria": {
      "has_lots_of_items": "2021-08-02 16:09:00 +0300"
    },
    "done": true
  },
  "minecraft:recipes/building_blocks/stone_slab_from_stone_stonecutting": {
    "criteria": {
      "has_stone": "2021-08-02 16:33:18 +0300"
    },
    "done": true
  },
  "minecraft:recipes/building_blocks/brown_concrete_powder": {
    "criteria": {
      "has_gravel": "2021-08-02 21:43:50 +0300"
    },
    "done": true
  },
  "minecraft:recipes/building_blocks/end_stone_brick_slab_from_end_stone_stonecutting": {
    "criteria": {
      "has_end_stone": "2021-08-02 16:09:00 +0300"
    },
    "done": true
  },
  "minecraft:recipes/building_blocks/chiseled_stone_bricks_stone_from_stonecutting": {
    "criteria": {
      "has_stone": "2021-08-02 16:33:18 +0300"
    },
    "done": true
  },
  "minecraft:recipes/redstone/spruce_button": {
    "criteria": {
      "has_planks": "2021-08-02 16:18:11 +0300"
    },
    "done": true
  },
  "minecraft:recipes/decorations/blue_stained_glass_pane_from_glass_pane": {
    "criteria": {
      "has_glass_pane": "2021-08-02 16:16:58 +0300"
    },
    "done": true
  },
  "minecraft:recipes/decorations/black_carpet_from_white_carpet": {
    "criteria": {
      "has_white_carpet": "2021-08-02 16:28:30 +0300"
    },
    "done": true
  },
  "minecraft:recipes/decorations/purple_carpet_from_white_carpet": {
    "criteria": {
      "has_white_carpet": "2021-08-02 16:28:30 +0300"
    },
    "done": true
  },
  "minecraft:recipes/redstone/dark_oak_button": {
    "criteria": {
      "has_planks": "2021-08-02 21:36:01 +0300"
    },
    "done": true
  },
  "minecraft:recipes/building_blocks/cyan_wool": {
    "criteria": {
      "has_white_wool": "2021-08-02 16:21:28 +0300"
    },
    "done": true
  },
  "minecraft:recipes/decorations/red_carpet_from_white_carpet": {
    "criteria": {
      "has_white_carpet": "2021-08-02 16:28:30 +0300"
    },
    "done": true
  },
  "minecraft:recipes/misc/white_dye": {
    "criteria": {
      "has_bone_meal": "2021-08-02 18:04:11 +0300"
    },
    "done": true
  },
  "minecraft:recipes/misc/stick": {
    "criteria": {
      "has_planks": "2021-08-02 16:18:11 +0300"
    },
    "done": true
  },
  "minecraft:recipes/redstone/redstone_lamp": {
    "criteria": {
      "has_glowstone": "2021-08-02 18:05:46 +0300"
    },
    "done": true
  },
  "minecraft:recipes/building_blocks/stone_brick_slab_from_stone_stonecutting": {
    "criteria": {
      "has_stone": "2021-08-02 16:33:18 +0300"
    },
    "done": true
  },
  "minecraft:recipes/transportation/spruce_boat": {
    "criteria": {
      "in_water": "2021-08-02 18:03:09 +0300"
    },
    "done": true
  },
  "minecraft:recipes/tools/flint_and_steel": {
    "criteria": {
      "has_obsidian": "2021-08-02 16:09:00 +0300"
    },
    "done": true
  },
  "minecraft:recipes/building_blocks/smooth_sandstone_stairs_from_smooth_sandstone_stonecutting": {
    "criteria": {
      "has_smooth_sandstone": "2021-08-03 00:40:37 +0300"
    },
    "done": true
  },
  "minecraft:recipes/building_blocks/waxed_exposed_cut_copper_stairs_from_honeycomb": {
    "criteria": {
      "has_exposed_cut_copper_stairs": "2021-08-02 16:19:26 +0300"
    },
    "done": true
  },
  "minecraft:recipes/building_blocks/gray_wool": {
    "criteria": {
      "has_white_wool": "2021-08-02 16:21:28 +0300"
    },
    "done": true
  },
  "minecraft:recipes/transportation/detector_rail": {
    "criteria": {
      "has_rail": "2021-08-02 21:38:38 +0300"
    },
    "done": true
  },
  "minecraft:recipes/redstone/dark_oak_door": {
    "criteria": {
      "has_planks": "2021-08-02 21:36:01 +0300"
    },
    "done": true
  },
  "minecraft:recipes/building_blocks/sandstone_stairs": {
    "criteria": {
      "has_sandstone": "2021-08-03 00:40:57 +0300"
    },
    "done": true
  },
  "minecraft:recipes/building_blocks/smooth_sandstone_slab_from_smooth_sandstone_stonecutting": {
    "criteria": {
      "has_smooth_sandstone": "2021-08-03 00:40:37 +0300"
    },
    "done": true
  },
  "minecraft:recipes/building_blocks/birch_slab": {
    "criteria": {
      "has_planks": "2021-08-02 16:22:06 +0300"
    },
    "done": true
  },
  "minecraft:recipes/misc/raw_gold": {
    "criteria": {
      "has_raw_gold_block": "2021-08-03 00:42:52 +0300"
    },
    "done": true
  },
  "minecraft:recipes/building_blocks/chiseled_sandstone_from_sandstone_stonecutting": {
    "criteria": {
      "has_sandstone": "2021-08-03 00:40:57 +0300"
    },
    "done": true
  },
  "minecraft:recipes/building_blocks/coarse_dirt": {
    "criteria": {
      "has_gravel": "2021-08-02 21:43:50 +0300"
    },
    "done": true
  },
  "minecraft:recipes/redstone/note_block": {
    "criteria": {
      "has_redstone": "2021-08-02 16:09:00 +0300"
    },
    "done": true
  },
  "minecraft:recipes/decorations/white_banner": {
    "criteria": {
      "has_white_wool": "2021-08-02 16:21:28 +0300"
    },
    "done": true
  },
  "minecraft:recipes/decorations/green_stained_glass_pane_from_glass_pane": {
    "criteria": {
      "has_glass_pane": "2021-08-02 16:16:58 +0300"
    },
    "done": true
  },
  "minecraft:recipes/building_blocks/light_gray_concrete_powder": {
    "criteria": {
      "has_gravel": "2021-08-02 21:43:50 +0300"
    },
    "done": true
  },
  "minecraft:recipes/building_blocks/light_blue_concrete_powder": {
    "criteria": {
      "has_gravel": "2021-08-02 21:43:50 +0300"
    },
    "done": true
  },
  "minecraft:recipes/decorations/magenta_carpet": {
    "criteria": {
      "has_magenta_wool": "2021-08-02 16:30:25 +0300"
    },
    "done": true
  },
  "minecraft:recipes/building_blocks/pink_concrete_powder": {
    "criteria": {
      "has_gravel": "2021-08-02 21:43:50 +0300"
    },
    "done": true
  },
  "minecraft:recipes/building_blocks/sponge": {
    "criteria": {
      "has_wet_sponge": "2021-08-02 21:51:18 +0300"
    },
    "done": true
  },
  "minecraft:recipes/building_blocks/sandstone_slab": {
    "criteria": {
      "has_sandstone": "2021-08-03 00:40:57 +0300"
    },
    "done": true
  },
  "minecraft:recipes/building_blocks/smooth_sandstone": {
    "criteria": {
      "has_sandstone": "2021-08-03 00:40:57 +0300"
    },
    "done": true
  },
  "minecraft:recipes/building_blocks/purple_concrete_powder": {
    "criteria": {
      "has_gravel": "2021-08-02 21:43:50 +0300"
    },
    "done": true
  },
  "minecraft:recipes/building_blocks/stone_stairs_from_stone_stonecutting": {
    "criteria": {
      "has_stone": "2021-08-02 16:33:18 +0300"
    },
    "done": true
  },
  "minecraft:recipes/building_blocks/andesite_stairs_from_andesite_stonecutting": {
    "criteria": {
      "has_andesite": "2021-08-02 16:14:24 +0300"
    },
    "done": true
  },
  "minecraft:recipes/building_blocks/blue_wool": {
    "criteria": {
      "has_white_wool": "2021-08-02 16:21:28 +0300"
    },
    "done": true
  },
  "minecraft:recipes/decorations/cyan_carpet_from_white_carpet": {
    "criteria": {
      "has_white_carpet": "2021-08-02 16:28:30 +0300"
    },
    "done": true
  },
  "minecraft:recipes/redstone/target": {
    "criteria": {
      "has_redstone": "2021-08-02 16:09:00 +0300"
    },
    "done": true
  },
  "minecraft:recipes/decorations/armor_stand": {
    "criteria": {
      "has_stone_slab": "2021-08-02 16:16:36 +0300"
    },
    "done": true
  },
  "minecraft:recipes/building_blocks/andesite_stairs": {
    "criteria": {
      "has_andesite": "2021-08-02 16:14:24 +0300"
    },
    "done": true
  },
  "minecraft:recipes/misc/charcoal": {
    "criteria": {
      "has_log": "2021-08-02 16:20:58 +0300"
    },
    "done": true
  },
  "minecraft:recipes/decorations/lime_stained_glass_pane_from_glass_pane": {
    "criteria": {
      "has_glass_pane": "2021-08-02 16:16:58 +0300"
    },
    "done": true
  },
  "minecraft:recipes/building_blocks/orange_wool": {
    "criteria": {
      "has_white_wool": "2021-08-02 16:21:28 +0300"
    },
    "done": true
  },
  "minecraft:recipes/redstone/redstone_torch": {
    "criteria": {
      "has_redstone": "2021-08-02 16:09:00 +0300"
    },
    "done": true
  },
  "minecraft:recipes/transportation/birch_boat": {
    "criteria": {
      "in_water": "2021-08-02 18:03:09 +0300"
    },
    "done": true
  },
  "minecraft:recipes/building_blocks/polished_andesite_slab_from_andesite_stonecutting": {
    "criteria": {
      "has_andesite": "2021-08-02 16:14:24 +0300"
    },
    "done": true
  },
  "minecraft:recipes/decorations/enchanting_table": {
    "criteria": {
      "has_obsidian": "2021-08-02 16:09:00 +0300"
    },
    "done": true
  },
  "minecraft:recipes/building_blocks/green_concrete_powder": {
    "criteria": {
      "has_gravel": "2021-08-02 21:43:50 +0300"
    },
    "done": true
  },
  "minecraft:recipes/building_blocks/polished_andesite_from_andesite_stonecutting": {
    "criteria": {
      "has_andesite": "2021-08-02 16:14:24 +0300"
    },
    "done": true
  },
  "minecraft:recipes/transportation/acacia_boat": {
    "criteria": {
      "in_water": "2021-08-02 18:03:09 +0300"
    },
    "done": true
  },
  "minecraft:recipes/decorations/light_blue_carpet_from_white_carpet": {
    "criteria": {
      "has_white_carpet": "2021-08-02 16:28:30 +0300"
    },
    "done": true
  },
  "minecraft:recipes/decorations/birch_sign": {
    "criteria": {
      "has_planks": "2021-08-02 16:22:06 +0300"
    },
    "done": true
  },
  "minecraft:recipes/decorations/black_bed": {
    "criteria": {
      "has_black_wool": "2021-08-02 18:48:04 +0300"
    },
    "done": true
  },
  "minecraft:recipes/building_blocks/white_concrete_powder": {
    "criteria": {
      "has_gravel": "2021-08-02 21:43:50 +0300"
    },
    "done": true
  },
  "minecraft:recipes/building_blocks/stone_brick_stairs_from_stone_stonecutting": {
    "criteria": {
      "has_stone": "2021-08-02 16:33:18 +0300"
    },
    "done": true
  },
  "minecraft:recipes/tools/clock": {
    "criteria": {
      "has_redstone": "2021-08-02 16:09:00 +0300"
    },
    "done": true
  },
  "minecraft:recipes/decorations/spruce_fence": {
    "criteria": {
      "has_planks": "2021-08-02 16:18:11 +0300"
    },
    "done": true
  },
  "minecraft:recipes/transportation/activator_rail": {
    "criteria": {
      "has_rail": "2021-08-02 21:38:38 +0300"
    },
    "done": true
  },
  "minecraft:recipes/building_blocks/dark_oak_stairs": {
    "criteria": {
      "has_planks": "2021-08-02 21:36:01 +0300"
    },
    "done": true
  },
  "minecraft:recipes/redstone/redstone_block": {
    "criteria": {
      "has_redstone": "2021-08-02 16:09:00 +0300"
    },
    "done": true
  },
  "minecraft:recipes/building_blocks/blue_ice": {
    "criteria": {
      "has_packed_ice": "2021-08-02 16:12:43 +0300"
    },
    "done": true
  },
  "minecraft:recipes/decorations/yellow_banner": {
    "criteria": {
      "has_yellow_wool": "2021-08-03 00:40:34 +0300"
    },
    "done": true
  },
  "minecraft:recipes/building_blocks/smooth_sandstone_stairs": {
    "criteria": {
      "has_smooth_sandstone": "2021-08-03 00:40:37 +0300"
    },
    "done": true
  },
  "minecraft:recipes/decorations/brown_stained_glass_pane_from_glass_pane": {
    "criteria": {
      "has_glass_pane": "2021-08-02 16:16:58 +0300"
    },
    "done": true
  },
  "minecraft:recipes/decorations/white_carpet": {
    "criteria": {
      "has_white_wool": "2021-08-02 16:21:28 +0300"
    },
    "done": true
  },
  "minecraft:recipes/brewing/glistering_melon_slice": {
    "criteria": {
      "has_melon": "2021-08-02 16:23:34 +0300"
    },
    "done": true
  },
  "minecraft:recipes/decorations/dark_oak_sign": {
    "criteria": {
      "has_planks": "2021-08-02 21:36:01 +0300"
    },
    "done": true
  },
  "minecraft:recipes/decorations/black_stained_glass_pane_from_glass_pane": {
    "criteria": {
      "has_glass_pane": "2021-08-02 16:16:58 +0300"
    },
    "done": true
  },
  "minecraft:recipes/building_blocks/spruce_stairs": {
    "criteria": {
      "has_planks": "2021-08-02 16:18:11 +0300"
    },
    "done": true
  },
  "minecraft:recipes/decorations/lime_carpet_from_white_carpet": {
    "criteria": {
      "has_white_carpet": "2021-08-02 16:28:30 +0300"
    },
    "done": true
  },
  "minecraft:recipes/decorations/magenta_carpet_from_white_carpet": {
    "criteria": {
      "has_white_carpet": "2021-08-02 16:28:30 +0300"
    },
    "done": true
  },
  "minecraft:recipes/redstone/dark_oak_fence_gate": {
    "criteria": {
      "has_planks": "2021-08-02 21:36:01 +0300"
    },
    "done": true
  },
  "minecraft:recipes/decorations/pink_stained_glass_pane_from_glass_pane": {
    "criteria": {
      "has_glass_pane": "2021-08-02 16:16:58 +0300"
    },
    "done": true
  },
  "minecraft:recipes/redstone/birch_door": {
    "criteria": {
      "has_planks": "2021-08-02 16:22:06 +0300"
    },
    "done": true
  },
  "minecraft:recipes/decorations/green_banner": {
    "criteria": {
      "has_green_wool": "2021-08-02 16:09:00 +0300"
    },
    "done": true
  },
  "minecraft:recipes/decorations/yellow_bed": {
    "criteria": {
      "has_yellow_wool": "2021-08-03 00:40:34 +0300"
    },
    "done": true
  },
  "minecraft:recipes/decorations/green_carpet_from_white_carpet": {
    "criteria": {
      "has_white_carpet": "2021-08-02 16:28:30 +0300"
    },
    "done": true
  },
  "minecraft:recipes/decorations/red_stained_glass_pane_from_glass_pane": {
    "criteria": {
      "has_glass_pane": "2021-08-02 16:16:58 +0300"
    },
    "done": true
  },
  "minecraft:recipes/transportation/oak_boat": {
    "criteria": {
      "in_water": "2021-08-02 18:03:09 +0300"
    },
    "done": true
  },
  "minecraft:recipes/misc/gold_ingot_from_gold_block": {
    "criteria": {
      "has_gold_block": "2021-08-02 16:09:00 +0300"
    },
    "done": true
  },
  "minecraft:recipes/decorations/birch_fence": {
    "criteria": {
      "has_planks": "2021-08-02 16:22:06 +0300"
    },
    "done": true
  },
  "minecraft:recipes/decorations/sandstone_wall_from_sandstone_stonecutting": {
    "criteria": {
      "has_sandstone": "2021-08-03 00:40:57 +0300"
    },
    "done": true
  },
  "minecraft:recipes/building_blocks/orange_concrete_powder": {
    "criteria": {
      "has_gravel": "2021-08-02 21:43:50 +0300"
    },
    "done": true
  },
  "minecraft:recipes/decorations/light_gray_carpet_from_white_carpet": {
    "criteria": {
      "has_white_carpet": "2021-08-02 16:28:30 +0300"
    },
    "done": true
  },
  "minecraft:recipes/building_blocks/cyan_concrete_powder": {
    "criteria": {
      "has_gravel": "2021-08-02 21:43:50 +0300"
    },
    "done": true
  },
  "minecraft:recipes/decorations/magenta_stained_glass_pane_from_glass_pane": {
    "criteria": {
      "has_glass_pane": "2021-08-02 16:16:58 +0300"
    },
    "done": true
  },
  "minecraft:recipes/decorations/spruce_sign": {
    "criteria": {
      "has_planks": "2021-08-02 16:18:11 +0300"
    },
    "done": true
  },
  "minecraft:recipes/building_blocks/lime_wool": {
    "criteria": {
      "has_white_wool": "2021-08-02 16:21:28 +0300"
    },
    "done": true
  },
  "minecraft:recipes/building_blocks/black_wool": {
    "criteria": {
      "has_white_wool": "2021-08-02 16:21:28 +0300"
    },
    "done": true
  },
  "minecraft:recipes/misc/gold_ingot_from_smelting_gold_ore": {
    "criteria": {
      "has_gold_ore": "2021-08-03 00:42:53 +0300"
    },
    "done": true
  },
  "minecraft:recipes/building_blocks/stone_bricks_from_stone_stonecutting": {
    "criteria": {
      "has_stone": "2021-08-02 16:33:18 +0300"
    },
    "done": true
  },
  "minecraft:recipes/building_blocks/green_wool": {
    "criteria": {
      "has_white_wool": "2021-08-02 16:21:28 +0300"
    },
    "done": true
  },
  "minecraft:recipes/building_blocks/end_stone_bricks_from_end_stone_stonecutting": {
    "criteria": {
      "has_end_stone": "2021-08-02 16:09:00 +0300"
    },
    "done": true
  },
  "minecraft:recipes/building_blocks/end_stone_brick_stairs_from_end_stone_stonecutting": {
    "criteria": {
      "has_end_stone": "2021-08-02 16:09:00 +0300"
    },
    "done": true
  },
  "minecraft:recipes/building_blocks/brown_wool": {
    "criteria": {
      "has_white_wool": "2021-08-02 16:21:28 +0300"
    },
    "done": true
  },
  "minecraft:recipes/decorations/scaffolding": {
    "criteria": {
      "has_bamboo": "2021-08-02 16:21:40 +0300"
    },
    "done": true
  },
  "minecraft:recipes/decorations/cyan_stained_glass_pane_from_glass_pane": {
    "criteria": {
      "has_glass_pane": "2021-08-02 16:16:58 +0300"
    },
    "done": true
  },
  "minecraft:recipes/redstone/birch_button": {
    "criteria": {
      "has_planks": "2021-08-02 16:22:06 +0300"
    },
    "done": true
  },
  "minecraft:recipes/decorations/painting": {
    "criteria": {
      "has_wool": "2021-08-02 16:09:00 +0300"
    },
    "done": true
  },
  "minecraft:recipes/building_blocks/andesite_slab_from_andesite_stonecutting": {
    "criteria": {
      "has_andesite": "2021-08-02 16:14:24 +0300"
    },
    "done": true
  },
  "minecraft:recipes/building_blocks/stone_slab": {
    "criteria": {
      "has_stone": "2021-08-02 16:33:18 +0300"
    },
    "done": true
  },
  "minecraft:recipes/decorations/black_carpet": {
    "criteria": {
      "has_black_wool": "2021-08-02 18:48:04 +0300"
    },
    "done": true
  },
  "minecraft:recipes/misc/lime_dye_from_smelting": {
    "criteria": {
      "has_sea_pickle": "2021-08-02 16:20:28 +0300"
    },
    "done": true
  },
  "minecraft:recipes/misc/gold_nugget_from_blasting": {
    "criteria": {
      "has_golden_pickaxe": "2021-08-02 21:47:37 +0300"
    },
    "done": true
  },
  "minecraft:recipes/building_blocks/light_blue_wool": {
    "criteria": {
      "has_white_wool": "2021-08-02 16:21:28 +0300"
    },
    "done": true
  },
  "minecraft:recipes/decorations/yellow_stained_glass_pane": {
    "criteria": {
      "has_glass": "2021-08-03 00:41:05 +0300"
    },
    "done": true
  },
  "minecraft:recipes/building_blocks/oak_planks": {
    "criteria": {
      "has_logs": "2021-08-02 16:20:58 +0300"
    },
    "done": true
  },
  "minecraft:recipes/decorations/yellow_glazed_terracotta": {
    "criteria": {
      "has_yellow_terracotta": "2021-08-03 00:40:40 +0300"
    },
    "done": true
  },
  "minecraft:recipes/building_blocks/blue_concrete_powder": {
    "criteria": {
      "has_gravel": "2021-08-02 21:43:50 +0300"
    },
    "done": true
  },
  "minecraft:recipes/decorations/light_blue_carpet": {
    "criteria": {
      "has_light_blue_wool": "2021-08-02 16:30:26 +0300"
    },
    "done": true
  },
  "minecraft:recipes/building_blocks/gray_concrete_powder": {
    "criteria": {
      "has_gravel": "2021-08-02 21:43:50 +0300"
    },
    "done": true
  },
  "minecraft:recipes/building_blocks/spruce_slab": {
    "criteria": {
      "has_planks": "2021-08-02 16:18:11 +0300"
    },
    "done": true
  },
  "minecraft:recipes/decorations/black_banner": {
    "criteria": {
      "has_black_wool": "2021-08-02 18:48:04 +0300"
    },
    "done": true
  },
  "minecraft:recipes/building_blocks/cut_sandstone_slab_from_sandstone_stonecutting": {
    "criteria": {
      "has_sandstone": "2021-08-03 00:40:57 +0300"
    },
    "done": true
  },
  "minecraft:recipes/decorations/brown_carpet_from_white_carpet": {
    "criteria": {
      "has_white_carpet": "2021-08-02 16:28:30 +0300"
    },
    "done": true
  },
  "minecraft:recipes/decorations/white_stained_glass_pane_from_glass_pane": {
    "criteria": {
      "has_glass_pane": "2021-08-02 16:16:58 +0300"
    },
    "done": true
  },
  "minecraft:recipes/building_blocks/black_concrete_powder": {
    "criteria": {
      "has_gravel": "2021-08-02 21:43:50 +0300"
    },
    "done": true
  },
  "minecraft:recipes/building_blocks/cut_sandstone": {
    "criteria": {
      "has_sandstone": "2021-08-03 00:40:57 +0300"
    },
    "done": true
  },
  "minecraft:recipes/decorations/orange_carpet_from_white_carpet": {
    "criteria": {
      "has_white_carpet": "2021-08-02 16:28:30 +0300"
    },
    "done": true
  },
  "minecraft:recipes/building_blocks/sandstone_stairs_from_sandstone_stonecutting": {
    "criteria": {
      "has_sandstone": "2021-08-03 00:40:57 +0300"
    },
    "done": true
  },
  "minecraft:recipes/redstone/birch_fence_gate": {
    "criteria": {
      "has_planks": "2021-08-02 16:22:06 +0300"
    },
    "done": true
  },
  "minecraft:story/root": {
    "criteria": {
      "crafting_table": "2021-08-02 16:18:41 +0300"
    },
    "done": true
  },
  "minecraft:recipes/redstone/stone_button": {
    "criteria": {
      "has_stone": "2021-08-02 16:33:18 +0300"
    },
    "done": true
  },
  "minecraft:recipes/misc/slime_ball": {
    "criteria": {
      "has_slime_block": "2021-08-02 20:26:45 +0300"
    },
    "done": true
  },
  "minecraft:recipes/redstone/dropper": {
    "criteria": {
      "has_redstone": "2021-08-02 16:09:00 +0300"
    },
    "done": true
  },
  "minecraft:recipes/building_blocks/sandstone_slab_from_sandstone_stonecutting": {
    "criteria": {
      "has_sandstone": "2021-08-03 00:40:57 +0300"
    },
    "done": true
  },
  "minecraft:recipes/redstone/spruce_pressure_plate": {
    "criteria": {
      "has_planks": "2021-08-02 16:18:11 +0300"
    },
    "done": true
  },
  "minecraft:recipes/building_blocks/yellow_wool": {
    "criteria": {
      "has_white_wool": "2021-08-02 16:21:28 +0300"
    },
    "done": true
  },
  "minecraft:recipes/misc/coal": {
    "criteria": {
      "has_coal_block": "2021-08-02 16:09:00 +0300"
    },
    "done": true
  },
  "minecraft:recipes/redstone/dark_oak_trapdoor": {
    "criteria": {
      "has_planks": "2021-08-02 21:36:01 +0300"
    },
    "done": true
  },
  "minecraft:story/form_obsidian": {
    "criteria": {
      "obsidian": "2021-08-02 16:09:00 +0300"
    },
    "done": true
  },
  "minecraft:recipes/misc/gold_ingot_from_blasting_gold_ore": {
    "criteria": {
      "has_gold_ore": "2021-08-03 00:42:53 +0300"
    },
    "done": true
  },
  "minecraft:recipes/misc/netherite_ingot_from_netherite_block": {
    "criteria": {
      "has_netherite_block": "2021-08-02 16:27:08 +0300"
    },
    "done": true
  },
  "minecraft:recipes/building_blocks/red_concrete_powder": {
    "criteria": {
      "has_gravel": "2021-08-02 21:43:50 +0300"
    },
    "done": true
  },
  "minecraft:recipes/building_blocks/smooth_sandstone_slab": {
    "criteria": {
      "has_smooth_sandstone": "2021-08-03 00:40:37 +0300"
    },
    "done": true
  },
  "minecraft:recipes/tools/compass": {
    "criteria": {
      "has_redstone": "2021-08-02 16:09:00 +0300"
    },
    "done": true
  },
  "minecraft:recipes/decorations/black_glazed_terracotta": {
    "criteria": {
      "has_black_terracotta": "2021-08-02 16:09:00 +0300"
    },
    "done": true
  },
  "minecraft:adventure/honey_block_slide": {
    "criteria": {
      "honey_block_slide": "2021-08-02 20:29:44 +0300"
    },
    "done": true
  },
  "minecraft:recipes/decorations/blue_carpet_from_white_carpet": {
    "criteria": {
      "has_white_carpet": "2021-08-02 16:28:30 +0300"
    },
    "done": true
  },
  "minecraft:recipes/building_blocks/polished_andesite": {
    "criteria": {
      "has_andesite": "2021-08-02 16:14:24 +0300"
    },
    "done": true
  },
  "minecraft:recipes/redstone/dark_oak_pressure_plate": {
    "criteria": {
      "has_planks": "2021-08-02 21:36:01 +0300"
    },
    "done": true
  },
  "minecraft:recipes/decorations/green_carpet": {
    "criteria": {
      "has_green_wool": "2021-08-02 16:09:00 +0300"
    },
    "done": true
  },
  "minecraft:recipes/decorations/stonecutter": {
    "criteria": {
      "has_stone": "2021-08-02 16:33:18 +0300"
    },
    "done": true
  },
  "minecraft:recipes/decorations/barrel": {
    "criteria": {
      "has_planks": "2021-08-02 16:18:11 +0300"
    },
    "done": true
  },
  "minecraft:recipes/transportation/powered_rail": {
    "criteria": {
      "has_rail": "2021-08-02 21:38:38 +0300"
    },
    "done": true
  },
  "minecraft:recipes/decorations/magenta_banner": {
    "criteria": {
      "has_magenta_wool": "2021-08-02 16:30:25 +0300"
    },
    "done": true
  },
  "minecraft:recipes/decorations/light_blue_banner": {
    "criteria": {
      "has_light_blue_wool": "2021-08-02 16:30:26 +0300"
    },
    "done": true
  },
  "minecraft:recipes/redstone/stone_pressure_plate": {
    "criteria": {
      "has_stone": "2021-08-02 16:33:18 +0300"
    },
    "done": true
  },
  "minecraft:recipes/decorations/purple_stained_glass_pane_from_glass_pane": {
    "criteria": {
      "has_glass_pane": "2021-08-02 16:16:58 +0300"
    },
    "done": true
  },
  "minecraft:recipes/transportation/jungle_boat": {
    "criteria": {
      "in_water": "2021-08-02 18:03:09 +0300"
    },
    "done": true
  },
  "minecraft:recipes/building_blocks/birch_stairs": {
    "criteria": {
      "has_planks": "2021-08-02 16:22:06 +0300"
    },
    "done": true
  },
  "minecraft:recipes/decorations/stone_brick_walls_from_stone_stonecutting": {
    "criteria": {
      "has_stone": "2021-08-02 16:33:18 +0300"
    },
    "done": true
  },
  "minecraft:recipes/building_blocks/end_stone_bricks": {
    "criteria": {
      "has_end_stone": "2021-08-02 16:09:00 +0300"
    },
    "done": true
  },
  "minecraft:recipes/food/honey_bottle": {
    "criteria": {
      "has_honey_block": "2021-08-02 20:26:47 +0300"
    },
    "done": true
  },
  "minecraft:recipes/decorations/glow_item_frame": {
    "criteria": {
      "has_item_frame": "2021-08-02 16:22:28 +0300"
    },
    "done": true
  },
  "minecraft:recipes/transportation/carrot_on_a_stick": {
    "criteria": {
      "has_carrot": "2021-08-02 16:24:16 +0300"
    },
    "done": true
  },
  "minecraft:recipes/transportation/dark_oak_boat": {
    "criteria": {
      "in_water": "2021-08-02 18:03:09 +0300"
    },
    "done": true
  },
  "minecraft:recipes/decorations/andesite_wall_from_andesite_stonecutting": {
    "criteria": {
      "has_andesite": "2021-08-02 16:14:24 +0300"
    },
    "done": true
  },
  "minecraft:recipes/building_blocks/pink_wool": {
    "criteria": {
      "has_white_wool": "2021-08-02 16:21:28 +0300"
    },
    "done": true
  },
  "minecraft:recipes/decorations/yellow_carpet": {
    "criteria": {
      "has_yellow_wool": "2021-08-03 00:40:34 +0300"
    },
    "done": true
  },
  "minecraft:recipes/decorations/end_stone_brick_wall_from_end_stone_stonecutting": {
    "criteria": {
      "has_end_stone": "2021-08-02 16:09:00 +0300"
    },
    "done": true
  },
  "minecraft:recipes/decorations/orange_stained_glass_pane_from_glass_pane": {
    "criteria": {
      "has_glass_pane": "2021-08-02 16:16:58 +0300"
    },
    "done": true
  },
  "minecraft:recipes/redstone/birch_trapdoor": {
    "criteria": {
      "has_planks": "2021-08-02 16:22:06 +0300"
    },
    "done": true
  },
  "minecraft:recipes/redstone/piston": {
    "criteria": {
      "has_redstone": "2021-08-02 16:09:00 +0300"
    },
    "done": true
  },
  "minecraft:recipes/misc/stick_from_bamboo_item": {
    "criteria": {
      "has_bamboo": "2021-08-02 16:21:40 +0300"
    },
    "done": true
  },
  "minecraft:recipes/building_blocks/stone_stairs": {
    "criteria": {
      "has_stone": "2021-08-02 16:33:18 +0300"
    },
    "done": true
  },
  "minecraft:recipes/redstone/spruce_trapdoor": {
    "criteria": {
      "has_planks": "2021-08-02 16:18:11 +0300"
    },
    "done": true
  },
  "minecraft:recipes/decorations/light_gray_stained_glass_pane_from_glass_pane": {
    "criteria": {
      "has_glass_pane": "2021-08-02 16:16:58 +0300"
    },
    "done": true
  },
  "minecraft:recipes/decorations/gray_stained_glass_pane_from_glass_pane": {
    "criteria": {
      "has_glass_pane": "2021-08-02 16:16:58 +0300"
    },
    "done": true
  },
  "minecraft:recipes/decorations/sandstone_wall": {
    "criteria": {
      "has_sandstone": "2021-08-03 00:40:57 +0300"
    },
    "done": true
  },
  "minecraft:recipes/decorations/yellow_carpet_from_white_carpet": {
    "criteria": {
      "has_white_carpet": "2021-08-02 16:28:30 +0300"
    },
    "done": true
  },
  "minecraft:recipes/misc/diamond": {
    "criteria": {
      "has_diamond_block": "2021-08-02 16:12:41 +0300"
    },
    "done": true
  },
  "minecraft:recipes/decorations/dark_oak_fence": {
    "criteria": {
      "has_planks": "2021-08-02 21:36:01 +0300"
    },
    "done": true
  },
  "minecraft:recipes/misc/gold_nugget_from_smelting": {
    "criteria": {
      "has_golden_pickaxe": "2021-08-02 21:47:37 +0300"
    },
    "done": true
  },
  "minecraft:recipes/decorations/andesite_wall": {
    "criteria": {
      "has_andesite": "2021-08-02 16:14:24 +0300"
    },
    "done": true
  },
  "minecraft:recipes/decorations/light_blue_stained_glass_pane_from_glass_pane": {
    "criteria": {
      "has_glass_pane": "2021-08-02 16:16:58 +0300"
    },
    "done": true
  },
  "minecraft:recipes/building_blocks/light_gray_wool": {
    "criteria": {
      "has_white_wool": "2021-08-02 16:21:28 +0300"
    },
    "done": true
  },
  "minecraft:recipes/building_blocks/andesite_slab": {
    "criteria": {
      "has_andesite": "2021-08-02 16:14:24 +0300"
    },
    "done": true
  },
  "minecraft:recipes/building_blocks/red_wool": {
    "criteria": {
      "has_white_wool": "2021-08-02 16:21:28 +0300"
    },
    "done": true
  },
  "minecraft:recipes/decorations/gray_carpet_from_white_carpet": {
    "criteria": {
      "has_white_carpet": "2021-08-02 16:28:30 +0300"
    },
    "done": true
  },
  "minecraft:recipes/decorations/pink_carpet_from_white_carpet": {
    "criteria": {
      "has_white_carpet": "2021-08-02 16:28:30 +0300"
    },
    "done": true
  },
  "minecraft:recipes/building_blocks/melon": {
    "criteria": {
      "has_melon": "2021-08-02 16:23:34 +0300"
    },
    "done": true
  },
  "minecraft:recipes/misc/white_dye_from_lily_of_the_valley": {
    "criteria": {
      "has_lily_of_the_valley": "2021-08-02 16:20:41 +0300"
    },
    "done": true
  },
  "minecraft:recipes/decorations/light_blue_bed": {
    "criteria": {
      "has_light_blue_wool": "2021-08-02 16:30:26 +0300"
    },
    "done": true
  },
  "minecraft:recipes/building_blocks/bone_block": {
    "criteria": {
      "has_bone_meal": "2021-08-02 18:04:11 +0300"
    },
    "done": true
  },
  "DataVersion": 2730
}