{"stats":{"minecraft:killed":{"minecraft:pig":1,"minecraft:stray":17,"minecraft:cow":26},"minecraft:picked_up":{"minecraft:lingering_potion":9,"minecraft:leather_chestplate":64,"minecraft:purple_dye":5,"minecraft:dark_oak_button":2,"minecraft:cooked_beef":4790,"minecraft:splash_potion":9,"minecraft:repeater":5,"minecraft:leather_leggings":63,"minecraft:diamond_sword":3,"minecraft:carrot_on_a_stick":149,"minecraft:chiseled_quartz_block":1,"minecraft:dragon_breath":2,"minecraft:golden_sword":1,"minecraft:gunpowder":4,"minecraft:stray_spawn_egg":1,"minecraft:dirt":5,"minecraft:leather_boots":67,"minecraft:armor_stand":1,"minecraft:gold_nugget":6,"minecraft:light_blue_dye":74,"minecraft:ender_eye":75,"minecraft:player_head":448,"minecraft:chest":2,"minecraft:iron_sword":20,"minecraft:stick":1,"minecraft:end_stone":3,"minecraft:gray_dye":61,"minecraft:stone_button":39,"minecraft:redstone":11,"minecraft:brown_carpet":1,"minecraft:pumpkin_seeds":2,"minecraft:stone_sword":12,"minecraft:command_block":1,"minecraft:cow_spawn_egg":1,"minecraft:diamond_axe":4,"minecraft:cyan_terracotta":1,"minecraft:black_banner":1,"minecraft:purple_concrete_powder":2,"minecraft:cod":3,"minecraft:pink_dye":70},"minecraft:crafted":{"minecraft:leather_leggings":40,"minecraft:leather_boots":43,"minecraft:leather_chestplate":43},"minecraft:dropped":{"minecraft:player_head":2,"minecraft:stone_sword":4,"minecraft:dragon_breath":2,"minecraft:carrot_on_a_stick":7,"minecraft:cod":3,"minecraft:diamond_sword":1,"minecraft:gold_nugget":6,"minecraft:trapped_chest":1,"minecraft:splash_potion":2},"minecraft:killed_by":{"minecraft:player":192,"minecraft:wither_skeleton":1,"minecraft:stray":1},"minecraft:used":{"minecraft:trident":89,"minecraft:water_bucket":4,"minecraft:writable_book":1,"minecraft:cow_spawn_egg":5,"minecraft:stone_sword":160,"minecraft:redstone":6,"minecraft:carrot_on_a_stick":9447,"minecraft:wither_skeleton_spawn_egg":2,"minecraft:iron_sword":971,"minecraft:diamond_axe":36,"minecraft:stray_spawn_egg":3,"minecraft:light_blue_concrete":48,"minecraft:lingering_potion":31,"minecraft:snowball":16,"minecraft:purple_concrete_powder":1,"minecraft:wooden_axe":4,"minecraft:command_block":6,"minecraft:stone_button":15,"minecraft:fishing_rod":3,"minecraft:golden_sword":124,"minecraft:diamond_sword":60,"minecraft:repeater":9,"minecraft:potion":2,"minecraft:bow":15,"minecraft:trapped_chest":2,"minecraft:cooked_beef":464,"minecraft:air":9639,"minecraft:splash_potion":189},"minecraft:custom":{"minecraft:mob_kills":45,"minecraft:interact_with_crafting_table":64,"minecraft:play_one_minute":5059368,"minecraft:leave_game":72,"minecraft:time_since_death":52195,"minecraft:climb_one_cm":18236,"minecraft:damage_resisted":179,"minecraft:time_since_rest":52218,"minecraft:sprint_one_cm":2104873,"minecraft:damage_taken":118856,"minecraft:walk_one_cm":5098285,"minecraft:trigger_trapped_chest":1241,"minecraft:drop":28,"minecraft:damage_dealt":56098,"minecraft:interact_with_beacon":2,"minecraft:swim_one_cm":43886,"minecraft:fly_one_cm":11108634,"minecraft:player_kills":88,"minecraft:open_chest":410,"minecraft:crouch_one_cm":201056,"minecraft:deaths":229,"minecraft:sneak_time":88210,"minecraft:walk_under_water_one_cm":151198,"minecraft:jump":13434,"minecraft:walk_on_water_one_cm":19999,"minecraft:fall_one_cm":1203630}},"DataVersion":1631}