{"stats":{"minecraft:killed":{"minecraft:stray":1},"minecraft:picked_up":{"minecraft:wooden_axe":1,"minecraft:stick":1,"minecraft:cooked_beef":210,"minecraft:leather_chestplate":2,"minecraft:turtle_helmet":3,"minecraft:leather_leggings":3,"minecraft:carrot_on_a_stick":10,"minecraft:potion":3,"minecraft:stone_button":2,"minecraft:trident":3,"minecraft:leather_boots":2,"minecraft:player_head":67,"minecraft:iron_sword":2},"minecraft:dropped":{"minecraft:iron_sword":1,"minecraft:stone_button":1},"minecraft:broken":{"minecraft:leather_leggings":1},"minecraft:killed_by":{"minecraft:player":35},"minecraft:used":{"minecraft:trident":224,"minecraft:wooden_axe":73,"minecraft:stone_sword":144,"minecraft:carrot_on_a_stick":1529,"minecraft:iron_sword":268,"minecraft:diamond_axe":116,"minecraft:potion":2,"minecraft:cooked_beef":203,"minecraft:air":2139},"minecraft:custom":{"minecraft:time_since_rest":42435,"minecraft:sprint_one_cm":1035094,"minecraft:damage_taken":46256,"minecraft:walk_one_cm":1168007,"minecraft:trigger_trapped_chest":149,"minecraft:mob_kills":1,"minecraft:drop":2,"minecraft:damage_dealt":27922,"minecraft:fly_one_cm":2695238,"minecraft:swim_one_cm":118169,"minecraft:interact_with_crafting_table":1,"minecraft:player_kills":50,"minecraft:open_chest":90,"minecraft:play_one_minute":602209,"minecraft:crouch_one_cm":11954,"minecraft:deaths":43,"minecraft:sneak_time":19469,"minecraft:walk_under_water_one_cm":698604,"minecraft:jump":8980,"minecraft:leave_game":15,"minecraft:walk_on_water_one_cm":13689,"minecraft:time_since_death":42400,"minecraft:climb_one_cm":2220,"minecraft:damage_resisted":10544,"minecraft:fall_one_cm":863137}},"DataVersion":1631}