{"stats":{"minecraft:dropped":{"minecraft:player_head":2,"minecraft:stone_button":3,"minecraft:leather_boots":2,"minecraft:leather_leggings":2,"minecraft:dark_oak_planks":1,"minecraft:carrot_on_a_stick":2},"minecraft:picked_up":{"minecraft:wooden_axe":3,"minecraft:leather_chestplate":15,"minecraft:cooked_beef":576,"minecraft:redstone_block":1,"minecraft:anvil":1,"minecraft:leather_leggings":11,"minecraft:carrot_on_a_stick":61,"minecraft:stone_button":6,"minecraft:grass_block":1,"minecraft:stone_pressure_plate":1,"minecraft:dark_oak_planks":1,"minecraft:leather_boots":12,"minecraft:sign":6,"minecraft:pumpkin_seeds":2,"minecraft:repeating_command_block":1,"minecraft:command_block":1,"minecraft:wheat_seeds":1,"minecraft:lever":5,"minecraft:spruce_planks":1,"minecraft:player_head":9,"minecraft:melon_seeds":1,"minecraft:chest":3,"minecraft:iron_sword":8},"minecraft:used":{"minecraft:wooden_axe":11,"minecraft:lever":3,"minecraft:command_block":1,"minecraft:grass_block":1,"minecraft:carrot_on_a_stick":2257,"minecraft:sign":4,"minecraft:chest":29,"minecraft:iron_sword":11,"minecraft:redstone_block":2,"minecraft:anvil":4,"minecraft:air":2265,"minecraft:stone_pressure_plate":3,"minecraft:cooked_beef":16},"minecraft:crafted":{"minecraft:leather_chestplate":5},"minecraft:custom":{"minecraft:time_since_rest":8889,"minecraft:damage_taken":14604,"minecraft:sprint_one_cm":465815,"minecraft:walk_one_cm":1058328,"minecraft:drop":12,"minecraft:damage_dealt":650,"minecraft:swim_one_cm":15102,"minecraft:interact_with_crafting_table":8,"minecraft:fly_one_cm":1491114,"minecraft:player_kills":3,"minecraft:open_chest":357,"minecraft:play_one_minute":813759,"minecraft:crouch_one_cm":30823,"minecraft:deaths":20,"minecraft:sneak_time":11798,"minecraft:walk_under_water_one_cm":9002,"minecraft:jump":1891,"minecraft:leave_game":33,"minecraft:walk_on_water_one_cm":2314,"minecraft:time_since_death":8865,"minecraft:fall_one_cm":30188},"minecraft:killed_by":{"minecraft:player":9}},"DataVersion":1631}