{"stats":{"minecraft:killed":{"minecraft:pufferfish":1,"minecraft:stray":9,"minecraft:wither_skeleton":5},"minecraft:custom":{"minecraft:mob_kills":22,"minecraft:play_one_minute":342126,"minecraft:leave_game":9,"minecraft:time_since_death":2782,"minecraft:climb_one_cm":6168,"minecraft:damage_resisted":1760,"minecraft:time_since_rest":2805,"minecraft:sprint_one_cm":333765,"minecraft:damage_taken":15867,"minecraft:walk_one_cm":706326,"minecraft:trigger_trapped_chest":88,"minecraft:drop":8,"minecraft:damage_dealt":15829,"minecraft:swim_one_cm":10148,"minecraft:fly_one_cm":1325705,"minecraft:player_kills":33,"minecraft:open_chest":2,"minecraft:crouch_one_cm":36950,"minecraft:deaths":25,"minecraft:sneak_time":16635,"minecraft:walk_under_water_one_cm":9419,"minecraft:jump":2664,"minecraft:walk_on_water_one_cm":16823,"minecraft:fall_one_cm":107368},"minecraft:killed_by":{"minecraft:player":8,"minecraft:wither_skeleton":2,"minecraft:stray":1},"minecraft:dropped":{"minecraft:iron_sword":2,"minecraft:cooked_beef":2,"minecraft:carrot_on_a_stick":3,"minecraft:lingering_potion":1},"minecraft:used":{"minecraft:oak_trapdoor":3,"minecraft:purpur_block":24,"minecraft:stripped_acacia_wood":1,"minecraft:dark_oak_stairs":44,"minecraft:water_bucket":132,"minecraft:diorite":11,"minecraft:end_rod":1,"minecraft:end_stone_bricks":11,"minecraft:stone_sword":1,"minecraft:cobblestone_stairs":10,"minecraft:sandstone_stairs":145,"minecraft:stripped_acacia_log":4,"minecraft:armor_stand":2,"minecraft:red_sandstone_slab":44,"minecraft:carrot_on_a_stick":403,"minecraft:oak_planks":37,"minecraft:chest":1,"minecraft:spruce_planks":9,"minecraft:stone":107,"minecraft:iron_sword":353,"minecraft:quartz_stairs":58,"minecraft:cobblestone_slab":19,"minecraft:oak_leaves":52,"minecraft:white_wool":7,"minecraft:dark_oak_trapdoor":3,"minecraft:dirt":332,"minecraft:purpur_stairs":26,"minecraft:chorus_flower":2,"minecraft:cobblestone_wall":29,"minecraft:smooth_red_sandstone":48,"minecraft:end_stone":2,"minecraft:spruce_log":2,"minecraft:nether_brick_stairs":1,"minecraft:polished_diorite":22,"minecraft:purple_stained_glass":56,"minecraft:red_sandstone_stairs":19,"minecraft:oak_log":2,"minecraft:blue_stained_glass_pane":11,"minecraft:stone_brick_slab":26,"minecraft:dark_oak_planks":229,"minecraft:red_sandstone":45,"minecraft:lava_bucket":16,"minecraft:dark_oak_log":2,"minecraft:quartz_slab":74,"minecraft:grass_block":213,"minecraft:oak_stairs":7,"minecraft:jungle_log":2,"minecraft:purpur_slab":2,"minecraft:dark_oak_slab":88,"minecraft:spruce_trapdoor":2,"minecraft:stone_bricks":21,"minecraft:item_frame":4,"minecraft:golden_sword":43,"minecraft:diamond_sword":10,"minecraft:brown_stained_glass_pane":1,"minecraft:red_stained_glass_pane":2,"minecraft:cobblestone":27,"minecraft:magma_block":47,"minecraft:brown_carpet":40,"minecraft:pufferfish_bucket":1,"minecraft:acacia_pressure_plate":7,"minecraft:dark_oak_fence":9,"minecraft:sandstone_slab":273,"minecraft:andesite":22,"minecraft:air":1632,"minecraft:stripped_oak_log":11,"minecraft:cooked_beef":67,"minecraft:acacia_planks":1},"minecraft:picked_up":{"minecraft:lingering_potion":1,"minecraft:dark_oak_button":5,"minecraft:cooked_beef":65,"minecraft:carrot_on_a_stick":4,"minecraft:sign":1,"minecraft:player_head":1,"minecraft:iron_sword":2,"minecraft:stone_button":2,"minecraft:brown_carpet":7}},"DataVersion":1631}