{"stats":{"minecraft:used":{"minecraft:carrot_on_a_stick":34,"minecraft:air":12,"minecraft:splash_potion":10},"minecraft:custom":{"minecraft:jump":9,"minecraft:open_chest":2,"minecraft:time_since_rest":15799,"minecraft:crouch_one_cm":347,"minecraft:play_one_minute":15799,"minecraft:leave_game":1,"minecraft:sprint_one_cm":1025,"minecraft:time_since_death":15799,"minecraft:walk_one_cm":12618,"minecraft:sneak_time":237,"minecraft:trigger_trapped_chest":1,"minecraft:fly_one_cm":2428},"minecraft:picked_up":{"minecraft:wheat_seeds":1,"minecraft:carrot_on_a_stick":1}},"DataVersion":1631}