{"stats":{"minecraft:killed":{"minecraft:stray":3,"minecraft:cow":5},"minecraft:picked_up":{"minecraft:wooden_axe":3,"minecraft:fishing_rod":1,"minecraft:splash_potion":1,"minecraft:redstone_block":1,"minecraft:anvil":1,"minecraft:turtle_helmet":5,"minecraft:leather_leggings":21,"minecraft:potion":18,"minecraft:iron_axe":2,"minecraft:cooked_salmon":35,"minecraft:armor_stand":2,"minecraft:item_frame":8,"minecraft:white_carpet":1,"minecraft:sea_pickle":3,"minecraft:spruce_planks":1,"minecraft:player_head":24,"minecraft:chest":3,"minecraft:torch":2,"minecraft:cyan_stained_glass":1,"minecraft:stone_button":4,"minecraft:trident":6,"minecraft:redstone":11,"minecraft:light_gray_banner":1,"minecraft:blue_stained_glass":1,"minecraft:stone_sword":4,"minecraft:repeating_command_block":1,"minecraft:command_block":2,"minecraft:black_banner":7,"minecraft:stripped_oak_log":64,"minecraft:leather_chestplate":23,"minecraft:cooked_beef":1441,"minecraft:repeater":7,"minecraft:carrot_on_a_stick":71,"minecraft:chiseled_quartz_block":1,"minecraft:gunpowder":1,"minecraft:white_banner":1,"minecraft:leather_boots":19,"minecraft:sign":2,"minecraft:heart_of_the_sea":331,"minecraft:iron_sword":9,"minecraft:sand":18,"minecraft:light_blue_stained_glass":1,"minecraft:grass_block":1,"minecraft:sea_lantern":42,"minecraft:lime_dye":4,"minecraft:dried_kelp_block":1,"minecraft:lever":2,"minecraft:diamond_axe":1,"minecraft:cyan_dye":64,"minecraft:baked_potato":2,"minecraft:pink_dye":1},"minecraft:crafted":{"minecraft:leather_leggings":11,"minecraft:leather_boots":5,"minecraft:white_banner":12,"minecraft:leather_chestplate":4},"minecraft:dropped":{"minecraft:iron_sword":2,"minecraft:cyan_stained_glass":1,"minecraft:wheat_seeds":1,"minecraft:cooked_beef":33,"minecraft:baked_potato":2,"minecraft:glass_bottle":3,"minecraft:dark_oak_button":1,"minecraft:carrot_on_a_stick":12,"minecraft:stick":1,"minecraft:sign":1,"minecraft:light_blue_stained_glass":1,"minecraft:stone_button":3,"minecraft:cooked_salmon":40,"minecraft:potion":3,"minecraft:dried_kelp":128,"minecraft:heart_of_the_sea":331,"minecraft:fishing_rod":1,"minecraft:player_head":3,"minecraft:chiseled_quartz_block":1,"minecraft:pink_dye":1,"minecraft:stripped_oak_log":64,"minecraft:lime_dye":5,"minecraft:ender_eye":65,"minecraft:blue_stained_glass":1,"minecraft:leather_chestplate":5,"minecraft:sea_lantern":42,"minecraft:trident":1,"minecraft:melon_seeds":1,"minecraft:leather_boots":2,"minecraft:chest":1,"minecraft:end_portal_frame":1,"minecraft:golden_sword":1,"minecraft:leather_leggings":2,"minecraft:arrow":1},"minecraft:killed_by":{"minecraft:player":123,"minecraft:stray":1},"minecraft:mined":{"minecraft:white_bed":2,"minecraft:dried_kelp_block":1},"minecraft:used":{"minecraft:trident":497,"minecraft:orange_concrete_powder":99,"minecraft:iron_bars":24,"minecraft:stone_sword":171,"minecraft:flint_and_steel":1,"minecraft:redstone":49,"minecraft:carrot_on_a_stick":6872,"minecraft:ladder":15,"minecraft:mycelium":4,"minecraft:iron_sword":610,"minecraft:player_head":3,"minecraft:torch":19,"minecraft:hopper":9,"minecraft:prismarine_bricks":20,"minecraft:spruce_stairs":110,"minecraft:dead_tube_coral":1,"minecraft:snowball":20,"minecraft:milk_bucket":2,"minecraft:obsidian":1,"minecraft:glass":220,"minecraft:wooden_axe":8,"minecraft:sea_lantern":3,"minecraft:bookshelf":235,"minecraft:red_wool":15,"minecraft:grass_block":17,"minecraft:iron_axe":4,"minecraft:smooth_quartz":29,"minecraft:item_frame":6,"minecraft:yellow_concrete_powder":70,"minecraft:light_gray_wool":12,"minecraft:repeater":97,"minecraft:golden_sword":77,"minecraft:redstone_lamp":4,"minecraft:lime_concrete":145,"minecraft:bow":92,"minecraft:oak_sapling":5,"minecraft:gold_block":1,"minecraft:stone_pressure_plate":10,"minecraft:pink_concrete_powder":15,"minecraft:cooked_beef":597,"minecraft:dragon_head":3,"minecraft:turtle_egg":1,"minecraft:water_bucket":12,"minecraft:diorite":1,"minecraft:red_stained_glass":3,"minecraft:glass_bottle":1,"minecraft:baked_potato":1,"minecraft:blue_wool":15,"minecraft:ender_pearl":1,"minecraft:lime_concrete_powder":95,"minecraft:cut_sandstone":130,"minecraft:diamond_axe":48,"minecraft:gold_ore":1,"minecraft:lime_terracotta":26,"minecraft:diamond_block":82,"minecraft:sand":9,"minecraft:black_banner":110,"minecraft:yellow_concrete":409,"minecraft:lingering_potion":9,"minecraft:dark_oak_door":7,"minecraft:purple_concrete_powder":41,"minecraft:black_wool":79,"minecraft:black_concrete":630,"minecraft:firework_rocket":2,"minecraft:stone_button":12,"minecraft:spruce_trapdoor":31,"minecraft:magenta_concrete_powder":17,"minecraft:dead_horn_coral":1,"minecraft:fishing_rod":24,"minecraft:diamond_sword":131,"minecraft:light_blue_concrete_powder":41,"minecraft:potion":8,"minecraft:white_stained_glass":4,"minecraft:sandstone_slab":51,"minecraft:glass_pane":61,"minecraft:stripped_oak_log":56,"minecraft:air":22245,"minecraft:gray_wool":3,"minecraft:splash_potion":200,"minecraft:experience_bottle":30},"minecraft:custom":{"minecraft:mob_kills":11,"minecraft:inspect_hopper":4,"minecraft:interact_with_crafting_table":43,"minecraft:leave_game":42,"minecraft:time_since_death":515,"minecraft:climb_one_cm":32432,"minecraft:damage_resisted":309,"minecraft:sprint_one_cm":2093547,"minecraft:walk_one_cm":2365622,"minecraft:drop":508,"minecraft:deaths":164,"minecraft:sneak_time":139990,"minecraft:walk_under_water_one_cm":1572734,"minecraft:jump":15816,"minecraft:walk_on_water_one_cm":39730,"minecraft:play_one_minute":3152417,"minecraft:pot_flower":27,"minecraft:time_since_rest":546,"minecraft:damage_taken":110310,"minecraft:trigger_trapped_chest":1126,"minecraft:damage_dealt":72770,"minecraft:interact_with_beacon":2,"minecraft:swim_one_cm":279736,"minecraft:fly_one_cm":8870150,"minecraft:player_kills":187,"minecraft:open_chest":239,"minecraft:crouch_one_cm":174462,"minecraft:fall_one_cm":1328507}},"DataVersion":1631}