{"stats":{"minecraft:killed_by":{"minecraft:player":2},"minecraft:used":{"minecraft:carrot_on_a_stick":26},"minecraft:custom":{"minecraft:jump":13,"minecraft:open_chest":2,"minecraft:time_since_rest":310830,"minecraft:crouch_one_cm":28,"minecraft:damage_dealt":252,"minecraft:play_one_minute":343674,"minecraft:damage_taken":1191,"minecraft:leave_game":7,"minecraft:sprint_one_cm":433,"minecraft:time_since_death":310357,"minecraft:walk_one_cm":19608,"minecraft:deaths":2,"minecraft:sneak_time":39,"minecraft:trigger_trapped_chest":6,"minecraft:fall_one_cm":422,"minecraft:fly_one_cm":596,"minecraft:player_kills":1},"minecraft:picked_up":{"minecraft:golden_hoe":1,"minecraft:stone_button":1}},"DataVersion":1631}