{"stats":{"minecraft:killed_by":{"minecraft:player":1},"minecraft:custom":{"minecraft:time_since_rest":16128,"minecraft:sprint_one_cm":162818,"minecraft:damage_taken":4789,"minecraft:walk_one_cm":378793,"minecraft:trigger_trapped_chest":25,"minecraft:drop":4,"minecraft:damage_dealt":4177,"minecraft:swim_one_cm":423,"minecraft:fly_one_cm":461355,"minecraft:player_kills":8,"minecraft:open_chest":2,"minecraft:play_one_minute":138047,"minecraft:crouch_one_cm":16611,"minecraft:deaths":9,"minecraft:sneak_time":5801,"minecraft:walk_under_water_one_cm":21924,"minecraft:jump":721,"minecraft:time_since_death":16094,"minecraft:walk_on_water_one_cm":993,"minecraft:leave_game":2,"minecraft:climb_one_cm":6277,"minecraft:fall_one_cm":23728},"minecraft:picked_up":{"minecraft:carrot_on_a_stick":3,"minecraft:cooked_salmon":5,"minecraft:sign":3,"minecraft:chorus_fruit":13},"minecraft:dropped":{"minecraft:sign":2,"minecraft:carrot_on_a_stick":2},"minecraft:used":{"minecraft:purple_stained_glass":29,"minecraft:purple_stained_glass_pane":12,"minecraft:purpur_block":89,"minecraft:water_bucket":25,"minecraft:stone_sword":15,"minecraft:end_stone_bricks":63,"minecraft:tube_coral_block":5,"minecraft:sandstone_stairs":88,"minecraft:dead_tube_coral_block":1,"minecraft:carrot_on_a_stick":100,"minecraft:chest":16,"minecraft:purpur_slab":50,"minecraft:iron_sword":78,"minecraft:diamond_axe":13,"minecraft:pink_stained_glass_pane":26,"minecraft:purpur_pillar":43,"minecraft:item_frame":9,"minecraft:tube_coral":1,"minecraft:magenta_stained_glass_pane":23,"minecraft:diamond_sword":2,"minecraft:soul_sand":3,"minecraft:purpur_stairs":106,"minecraft:magma_block":16,"minecraft:pufferfish_bucket":3,"minecraft:dark_prismarine_slab":1,"minecraft:blue_stained_glass":9,"minecraft:prismarine_bricks":4,"minecraft:sandstone_slab":20,"minecraft:blue_ice":6,"minecraft:end_portal_frame":1,"minecraft:trapped_chest":17,"minecraft:cyan_concrete_powder":4,"minecraft:cooked_beef":35,"minecraft:air":812,"minecraft:purple_carpet":35,"minecraft:end_stone":48,"minecraft:light_blue_stained_glass":3,"minecraft:purple_concrete_powder":56}},"DataVersion":1631}