{"stats":{"minecraft:dropped":{"minecraft:clay":1,"minecraft:repeating_command_block":2,"minecraft:brown_mushroom":3,"minecraft:birch_planks":2,"minecraft:oak_log":2,"minecraft:exposed_cut_copper_stairs":2,"minecraft:rooted_dirt":3,"minecraft:cracked_stone_bricks":2,"minecraft:blackstone_stairs":1,"minecraft:red_mushroom":3,"minecraft:item_frame":3,"minecraft:spruce_leaves":1,"minecraft:cobblestone_stairs":4,"minecraft:deepslate_tile_stairs":4,"minecraft:dirt":1,"minecraft:grass":14,"minecraft:dark_oak_log":10,"minecraft:raw_copper_block":1,"minecraft:polished_blackstone_pressure_plate":1,"minecraft:stone_button":6,"minecraft:dark_oak_fence":3,"minecraft:dark_oak_trapdoor":2,"minecraft:seagrass":1,"minecraft:cracked_deepslate_tiles":4,"minecraft:chain":1,"minecraft:wooden_sword":12,"minecraft:bone_meal":12,"minecraft:sand":1,"minecraft:black_concrete":10,"minecraft:light_blue_banner":2,"minecraft:pink_concrete":1,"minecraft:gravel":1,"minecraft:blackstone":1,"minecraft:emerald_block":1,"minecraft:ancient_debris":1,"minecraft:cobbled_deepslate":6,"minecraft:birch_sapling":11,"minecraft:pointed_dripstone":1,"minecraft:stripped_dark_oak_log":1,"minecraft:jungle_trapdoor":1,"minecraft:acacia_button":1,"minecraft:chiseled_deepslate":3,"minecraft:poppy":1,"minecraft:deepslate_tiles":5,"minecraft:azalea_leaves":2,"minecraft:orange_banner":2,"minecraft:skeleton_skull":6,"minecraft:coal_ore":1,"minecraft:quartz_block":1,"minecraft:ladder":1,"minecraft:bee_nest":1,"minecraft:azalea":15,"minecraft:chest":2,"minecraft:spruce_slab":4,"minecraft:iron_bars":3,"minecraft:podzol":2,"minecraft:written_book":1,"minecraft:oak_leaves":2,"minecraft:polished_granite":1,"minecraft:enchanting_table":1,"minecraft:lectern":1,"minecraft:dead_tube_coral_block":10,"minecraft:water_bucket":2,"minecraft:birch_leaves":1,"minecraft:wheat_seeds":10,"minecraft:cobbled_deepslate_stairs":4,"minecraft:lilac":1,"minecraft:copper_block":1,"minecraft:mossy_cobblestone":6,"minecraft:polished_blackstone":1,"minecraft:yellow_concrete":2,"minecraft:yellow_terracotta":1,"minecraft:barrier":2,"minecraft:cobblestone":10,"minecraft:command_block":32,"minecraft:deepslate_tile_slab":1,"minecraft:spruce_stairs":4,"minecraft:polished_blackstone_button":1,"minecraft:grass_block":23,"minecraft:coal_block":1,"minecraft:lime_banner":2,"minecraft:polished_andesite":1,"minecraft:end_rod":1,"minecraft:cobweb":9,"minecraft:dried_kelp_block":1,"minecraft:milk_bucket":2,"minecraft:waxed_exposed_copper":2,"minecraft:lodestone":1,"minecraft:repeater":9,"minecraft:smooth_quartz":6,"minecraft:map":1,"minecraft:dead_bush":2,"minecraft:oak_stairs":3,"minecraft:pumpkin":2,"minecraft:polished_andesite_stairs":2,"minecraft:wither_rose":1,"minecraft:crimson_fence":1,"minecraft:flowering_azalea":1,"minecraft:mossy_cobblestone_stairs":2,"minecraft:smooth_stone":1,"minecraft:polished_deepslate_wall":4,"minecraft:lily_pad":1,"minecraft:spruce_sapling":11,"minecraft:redstone_block":5,"minecraft:smooth_basalt":7,"minecraft:redstone":7,"minecraft:polished_deepslate":4,"minecraft:waxed_weathered_cut_copper_stairs":2,"minecraft:red_concrete":4,"minecraft:furnace":1,"minecraft:bricks":5,"minecraft:moss_carpet":8,"minecraft:player_head":21,"minecraft:weathered_copper":1,"minecraft:coarse_dirt":7,"minecraft:smooth_stone_slab":10,"minecraft:lime_concrete":4,"minecraft:tuff":3,"minecraft:sticky_piston":1,"minecraft:cut_copper_stairs":1,"minecraft:composter":1,"minecraft:orange_concrete":2,"minecraft:red_banner":2,"minecraft:tall_grass":6,"minecraft:blue_concrete":1,"minecraft:stone_slab":1,"minecraft:damaged_anvil":2,"minecraft:waxed_exposed_cut_copper":1,"minecraft:glow_lichen":2,"minecraft:cobbled_deepslate_slab":2,"minecraft:magenta_concrete":1,"minecraft:debug_stick":3,"minecraft:light_blue_concrete":4,"minecraft:orange_wool":4,"minecraft:oak_sign":3,"minecraft:light":3,"minecraft:hay_block":1,"minecraft:stone":1,"minecraft:waxed_cut_copper":3,"minecraft:spruce_trapdoor":1,"minecraft:spruce_planks":2,"minecraft:netherite_block":1,"minecraft:andesite":3,"minecraft:mossy_stone_bricks":2,"minecraft:oak_sapling":11,"minecraft:waxed_oxidized_cut_copper":1,"minecraft:carved_pumpkin":1,"minecraft:redstone_torch":1,"minecraft:stone_bricks":2,"minecraft:spruce_log":2,"minecraft:dead_brain_coral_block":1,"minecraft:bell":1,"minecraft:calcite":3,"minecraft:black_wool":2},"minecraft:custom":{"minecraft:open_barrel":2,"minecraft:open_shulker_box":1,"minecraft:leave_game":28,"minecraft:time_since_death":13744,"minecraft:sprint_one_cm":1603022,"minecraft:drop":542,"minecraft:play_time":1232546,"minecraft:deaths":11,"minecraft:jump":4653,"minecraft:walk_on_water_one_cm":46591,"minecraft:interact_with_furnace":2,"minecraft:crouch_one_cm":115469,"minecraft:interact_with_smoker":3,"minecraft:interact_with_anvil":3,"minecraft:inspect_hopper":1,"minecraft:fill_cauldron":1,"minecraft:climb_one_cm":6129,"minecraft:walk_one_cm":764473,"minecraft:sneak_time":90163,"minecraft:walk_under_water_one_cm":24451,"minecraft:interact_with_lectern":68,"minecraft:interact_with_blast_furnace":2,"minecraft:total_world_time":1925336,"minecraft:pot_flower":8,"minecraft:time_since_rest":13745,"minecraft:damage_taken":620,"minecraft:swim_one_cm":13001,"minecraft:fly_one_cm":11831065,"minecraft:open_chest":3,"minecraft:fall_one_cm":2601},"minecraft:used":{"minecraft:light_blue_banner":3,"minecraft:moss_carpet":147,"minecraft:waxed_exposed_cut_copper":2,"minecraft:jack_o_lantern":4,"minecraft:writable_book":84,"minecraft:polished_deepslate":37,"minecraft:chiseled_deepslate":39,"minecraft:light_gray_stained_glass_pane":1,"minecraft:smooth_quartz_slab":81,"minecraft:spruce_slab":272,"minecraft:polished_blackstone":35,"minecraft:bone_block":13,"minecraft:ladder":26,"minecraft:oak_sign":36,"minecraft:chest":12,"minecraft:stone":211,"minecraft:grass":422,"minecraft:bell":5,"minecraft:player_head":183,"minecraft:waxed_weathered_cut_copper_stairs":6,"minecraft:spruce_leaves":13,"minecraft:debug_stick":739,"minecraft:weathered_copper":3,"minecraft:lily_of_the_valley":6,"minecraft:brick_slab":2,"minecraft:orange_wool":70,"minecraft:deepslate_tile_slab":26,"minecraft:cracked_deepslate_tiles":481,"minecraft:tuff":149,"minecraft:weeping_vines":13,"minecraft:milk_bucket":4,"minecraft:polished_deepslate_stairs":30,"minecraft:big_dripleaf":6,"minecraft:glass":2,"minecraft:crimson_button":10,"minecraft:bricks":707,"minecraft:coal_ore":3,"minecraft:lime_banner":2,"minecraft:grass_block":550,"minecraft:lantern":4,"minecraft:birch_sapling":104,"minecraft:polished_andesite_stairs":19,"minecraft:quartz_block":2,"minecraft:crimson_roots":4,"minecraft:raw_gold_block":8,"minecraft:waxed_weathered_cut_copper":1,"minecraft:stone_bricks":527,"minecraft:item_frame":164,"minecraft:repeater":452,"minecraft:redstone_lamp":39,"minecraft:magma_block":28,"minecraft:hay_block":16,"minecraft:written_book":8,"minecraft:scaffolding":18,"minecraft:oak_sapling":147,"minecraft:furnace":13,"minecraft:gold_block":940,"minecraft:skeleton_skull":57,"minecraft:seagrass":30,"minecraft:mossy_stone_bricks":29,"minecraft:end_rod":6,"minecraft:damaged_anvil":3,"minecraft:spruce_door":10,"minecraft:stripped_birch_log":12,"minecraft:birch_leaves":11,"minecraft:blackstone":6,"minecraft:redstone_block":287,"minecraft:composter":15,"minecraft:clay":411,"minecraft:sugar_cane":11,"minecraft:smooth_quartz_stairs":50,"minecraft:oak_leaves":57,"minecraft:dark_oak_trapdoor":78,"minecraft:sand":150,"minecraft:yellow_terracotta":45,"minecraft:light_blue_concrete":70,"minecraft:blast_furnace":4,"minecraft:yellow_concrete":46,"minecraft:blackstone_wall":26,"minecraft:cobbled_deepslate_stairs":325,"minecraft:lightning_rod":34,"minecraft:deepslate_tiles":2145,"minecraft:redstone_torch":40,"minecraft:sticky_piston":138,"minecraft:lever":10,"minecraft:black_concrete":372,"minecraft:dark_oak_log":1129,"minecraft:gray_stained_glass_pane":66,"minecraft:barrier":176,"minecraft:stone_button":135,"minecraft:lectern":13,"minecraft:polished_granite":3,"minecraft:oak_pressure_plate":6,"minecraft:iron_door":5,"minecraft:gravel":84,"minecraft:flowering_azalea_leaves":8,"minecraft:lilac":3,"minecraft:nether_wart_block":11,"minecraft:coal_block":46,"minecraft:grindstone":1,"minecraft:dark_oak_fence":143,"minecraft:smithing_table":2,"minecraft:waxed_oxidized_cut_copper_stairs":17,"minecraft:andesite":498,"minecraft:deepslate_coal_ore":4,"minecraft:chain":46,"minecraft:smooth_stone_slab":1008,"minecraft:white_concrete":113,"minecraft:coarse_dirt":333,"minecraft:bone_meal":2458,"minecraft:cobweb":63,"minecraft:azalea":101,"minecraft:oak_fence":8,"minecraft:oak_trapdoor":2,"minecraft:iron_bars":158,"minecraft:flint_and_steel":9,"minecraft:enchanting_table":2,"minecraft:waxed_weathered_copper":7,"minecraft:crimson_fence":50,"minecraft:dead_tube_coral_block":1128,"minecraft:orange_concrete":11,"minecraft:dead_bush":5,"minecraft:carved_pumpkin":13,"minecraft:armor_stand":14,"minecraft:red_concrete":71,"minecraft:redstone":546,"minecraft:spruce_planks":64,"minecraft:tinted_glass":42,"minecraft:dried_kelp_block":15,"minecraft:cut_copper_stairs":19,"minecraft:oak_door":35,"minecraft:exposed_cut_copper_stairs":9,"minecraft:dragon_egg":1,"minecraft:brewing_stand":4,"minecraft:dirt":190,"minecraft:ancient_debris":17,"minecraft:hopper":9,"minecraft:spruce_stairs":857,"minecraft:stone_stairs":9,"minecraft:bee_nest":5,"minecraft:raw_iron_block":18,"minecraft:jungle_trapdoor":3,"minecraft:glow_lichen":29,"minecraft:warped_pressure_plate":6,"minecraft:dead_brain_coral_block":1,"minecraft:blue_concrete":1,"minecraft:small_dripleaf":14,"minecraft:andesite_wall":4,"minecraft:birch_door":2,"minecraft:mossy_cobblestone_stairs":15,"minecraft:sea_lantern":8,"minecraft:flowering_azalea":4,"minecraft:chipped_anvil":2,"minecraft:bookshelf":46,"minecraft:waxed_cut_copper":463,"minecraft:filled_map":6,"minecraft:iron_block":2,"minecraft:light_weighted_pressure_plate":4,"minecraft:oak_stairs":59,"minecraft:rooted_dirt":71,"minecraft:brick_stairs":4,"minecraft:polished_deepslate_wall":61,"minecraft:polished_blackstone_brick_stairs":17,"minecraft:smooth_quartz":244,"minecraft:lime_dye":6,"minecraft:barrel":3,"minecraft:smooth_basalt":243,"minecraft:tripwire_hook":12,"minecraft:raw_copper_block":32,"minecraft:lime_concrete":68,"minecraft:tall_grass":29,"minecraft:emerald_block":7,"minecraft:iron_trapdoor":24,"minecraft:oxidized_copper":126,"minecraft:deepslate_tile_stairs":298,"minecraft:podzol":35,"minecraft:stone_pressure_plate":31,"minecraft:red_dye":9,"minecraft:cobbled_deepslate":916,"minecraft:observer":2,"minecraft:pumpkin":41,"minecraft:pointed_dripstone":7,"minecraft:hanging_roots":17,"minecraft:calcite":249,"minecraft:water_bucket":237,"minecraft:yellow_banner":22,"minecraft:light_blue_shulker_box":1,"minecraft:cobblestone_stairs":37,"minecraft:lodestone":9,"minecraft:polished_andesite":8,"minecraft:waxed_oxidized_cut_copper":53,"minecraft:copper_block":25,"minecraft:brown_mushroom":14,"minecraft:spruce_sign":4,"minecraft:cauldron":2,"minecraft:white_dye":3,"minecraft:beacon":6,"minecraft:stonecutter":1,"minecraft:glow_ink_sac":26,"minecraft:cracked_stone_bricks":23,"minecraft:polished_blackstone_bricks":80,"minecraft:pink_concrete":1,"minecraft:glow_item_frame":4,"minecraft:waxed_exposed_copper":49,"minecraft:polished_blackstone_pressure_plate":16,"minecraft:polished_deepslate_slab":60,"minecraft:mossy_cobblestone":73,"minecraft:light_gray_banner":9,"minecraft:comparator":2,"minecraft:stripped_dark_oak_log":16,"minecraft:oak_slab":57,"minecraft:dark_prismarine_slab":32,"minecraft:crafting_table":3,"minecraft:red_mushroom":9,"minecraft:campfire":1,"minecraft:white_bed":61,"minecraft:dark_oak_fence_gate":2,"minecraft:painting":40,"minecraft:spruce_log":38,"minecraft:smoker":2,"minecraft:deepslate_tile_wall":15,"minecraft:oak_log":120,"minecraft:piston":42,"minecraft:netherite_block":43,"minecraft:flower_pot":20,"minecraft:light":19,"minecraft:black_wool":162,"minecraft:warped_trapdoor":9,"minecraft:command_block":293,"minecraft:cracked_polished_blackstone_bricks":26,"minecraft:oak_button":9,"minecraft:gray_candle":7,"minecraft:map":5,"minecraft:magenta_concrete":1,"minecraft:stone_slab":5,"minecraft:spruce_trapdoor":40,"minecraft:spruce_sapling":111,"minecraft:chiseled_stone_bricks":10,"minecraft:cobblestone":482,"minecraft:potion":16,"minecraft:azalea_leaves":41,"minecraft:orange_banner":12,"minecraft:cobbled_deepslate_slab":106,"minecraft:white_banner":5,"minecraft:red_banner":2,"minecraft:black_candle":11,"minecraft:repeating_command_block":10,"minecraft:wither_rose":9,"minecraft:polished_blackstone_button":4,"minecraft:sea_pickle":8,"minecraft:kelp":6,"minecraft:smooth_stone":15,"minecraft:jukebox":2,"minecraft:candle":29,"minecraft:splash_potion":1,"minecraft:birch_stairs":17},"minecraft:picked_up":{"minecraft:dark_oak_trapdoor":1,"minecraft:azalea":1,"minecraft:repeater":6,"minecraft:copper_block":1,"minecraft:tuff":1,"minecraft:wheat_seeds":11,"minecraft:bell":2,"minecraft:light_blue_shulker_box":1,"minecraft:grass_block":1,"minecraft:polished_blackstone_pressure_plate":1,"minecraft:moss_carpet":2,"minecraft:player_head":1,"minecraft:poppy":1,"minecraft:redstone":1,"minecraft:stone_pressure_plate":7,"minecraft:scaffolding":3}},"DataVersion":2730}